"100000","","0","STREAM","EXID_MMD_BOOKW_00020","0.5","","","","0","26","Um canal, é? Fascinante. Se tivéssemos uma balsa, poderíamos deixar para trás esses dias de correr sem fim."
"","","0","STREAM","EXID_MMD_NIER010_00060","0.5","","","","0","2","Mas você não flutua em todos os lugares mesmo?"
"","","0","STREAM","EXID_MMD_BOOKW_00030","0.5","","","","0","26","Você acha que eu sou carregada pelo vento, garoto? É preciso ter resistência para manter essa altura!"
"","","0","STREAM","EXID_MMD_NIER010_00070","0.5","","","","0","2","Ah... Mesmo?"
"","","0","STREAM","EXID_MMD_BOOKW_00040","0.5","","","","0","26","Você poderia pelo menos tentar esconder a total consternação, sabe..."
"100001","","4","STREAM","EXID_MMD_BOOKW_00080","0.5","","","","0","26","Eu aposto que esse homem sabe mais sobre a fuga de sua esposa do que ele está deixando transparecer..."
"100002","","4","STREAM","EXID_MMD_NIER010_00150","0.5","","","","0","2","Sim, também estou curioso, mas por enquanto, devemos nos concentrar em encontrá-la."
"100003","","4","STREAM","EXID_MMD_BOOKW_00090","0.5","","","","0","26","Se ela realmente deixou esta encantadora aldeia, encontrá-la pode ser muito difícil."
"","","4","STREAM","EXID_MMD_NIER010_00230","0.5","","","","0","2","Só espero que ela não tenha sido atacada por Sombras ou algo assim..."
"100004","","0","STREAM","EXID_MMD_BOOKW_00100","0.5","","","","0","26","Hmm... Algo sobre aquela Sombra parece meio...estranho."
"100005","","0","STREAM","EXID_MMD_BOOKW_00110_1","0.5","","","","0","26","Não consigo imaginar que a mulher da bolsa vermelha tenha se aventurado tão longe."
"","","0","STREAM","EXID_MMD_BOOKW_00110_2","0.5","","","","0","26","Talvez nosso tempo seja melhor gasto focando em uma busca pelas planícies do sul."
"100006","","0","STREAM","EXID_MMD_BOOKW_00120","0.5","","","","0","26","Aquela Sombra deixou cair algo. É melhor voltarmos para pegá-lo."
"100007","","4","STREAM","EXID_MMD_BOOKW_20010","0.5","","","","0","26","Céus, isso foi exaustivo..."
"","","4","STREAM","EXID_MMD_NIER010_00440","0.5","","","","0","2","Me conte sobre isso. De qualquer forma, vamos dar uma atualização para a Popola."
"100008","","0","STREAM","EXID_MMD_BOOKW_00320","0.5","","","","0","26","O casal com as bolsas vermelhas era um par estranho mesmo."
"","","0","STREAM","EXID_MMD_BOOKW_00330","0.5","","","","0","26","É incrível pensar que a relação deles pode persistir apesar de tantas brigas intensas."
"","","0","STREAM","EXID_MMD_NIER010_00450","0.5","","","","0","2","Bem, eles pareciam bem felizes no final, pelo menos."
"","","0","STREAM","EXID_MMD_NIER010_00460","0.5","","","","0","2","Talvez o segredo para viver uma vida feliz seja compartilhar seus sentimentos mesmo quando eles são meio maldosos e estranhos."
"","","0","STREAM","EXID_MMD_BOOKW_00340","0.5","","","","0","26","Se você adotar essa estratégia, eu posso ir às compras um dia e nunca mais voltar..."
"100009","","0","STREAM","EXID_MMD_BOOKW_00350","0.5","","","","0","26","Que excelente notícia saber que o canal está concluído! Espero que isso ponha fim aos nossos dias de correria."
"","","0","STREAM","EXID_MMD_NIER020_00010","0.5","","","","0","2","Quanto mais rápido pudermos nos mover, mais rápido poderemos salvar Yonah."
"","","0","STREAM","EXID_MMD_NIER020_00020","0.5","","","","0","2","Vamos usá-lo sempre que precisarmos."
"100010","","0","STREAM","EXID_MMD_NIER020_00090","0.5","","","","0","2","Isso parece alarmantemente familiar."
"","","0","STREAM","EXID_MMD_BOOKW_00390","0.5","","","","0","26","Pah! Tenho certeza de que aquele casal está apenas tendo outra de suas discussões tolas."
"","","0","STREAM","EXID_MMD_BOOKW_00400","0.5","","","","0","26","Vamos fazer o nosso melhor para não nos envolvermos desta vez, mmm?"
"100011","","4","STREAM","EXID_MMD_BOOKW_00450","0.5","","","","0","26","E lá vamos nós de novo! *suspiro* Devemos começar perguntando por aí no taverna como antes?"
"100012","","0","TIME","RA_EID_9320_a0030g_0020_0002","3","","","","0","26",""
"100012","","0","TIME","RA_EID_9320_a0030g_0020_0003","3","","","","0","2",""
"100013","","0","TIME","RA_EID_9320_a0030g_0040_0001","3","","","","0","26",""
"","","0","TIME","RA_EID_9320_a0030g_0040_0002","3","","","","0","2",""
"100014","","4","STREAM","EXID_MMD_BOOKW_00470","0.5","","","","0","26","Pensar que as brigas mesquinhas daquele casal se tornaram algo de atração para os moradores locais..."
"","","4","STREAM","EXID_MMD_NIER020_00200","0.5","","","","0","2","Não me surpreende nem um pouco."
"","","4","STREAM","EXID_MMD_NIER020_00210","0.5","","","","0","2","Ver pessoas assim coloca um pouco de animação em seu passo, sabe?"
"","","4","STREAM","EXID_MMD_BOOKW_00480","0.5","","","","0","26","Vocês humanos realmente são um grupo irritante. Tal palhaçada não faz nada além de desgastar este velho tomo!"
"100015","","4","STREAM","EXID_MMD_NIER020_00220","0.5","","","","0","2","Nós procuramos nas planícies do sul quando a esposa fugiu, certo?"
"","","4","STREAM","EXID_MMD_BOOKW_00490","0.5","","","","0","26","Eu acredito que sim."
"","","4","STREAM","EXID_MMD_NIER020_00230","0.5","","","","0","2","Muita coisa mudou desde então, então é legal quando encontramos algo que não mudou."
"","","4","STREAM","EXID_MMD_NIER020_00240","0.5","","","","0","2","O fato de que o casal ainda está discutindo quase me enche de... Eu não sei. Esperança, eu acho."
"","","4","STREAM","EXID_MMD_BOOKW_00500","0.5","","","","0","26","Se me perguntar, aquele casal em particular poderia se beneficiar de um pouco de mudança..."
"100016","","4","STREAM","EXID_MMD_BOOKW_00530","0.5","","","","0","26","Pah! Eu não consigo acreditar quantas viagens fizemos apenas para rastrear um único homem!"
"","","4","STREAM","EXID_MMD_NIER020_00290","0.5","","","","0","2","Está tudo bem fazer esse tipo de coisa de vez em quando."
"","","4","STREAM","EXID_MMD_BOOKW_00540","0.5","","","","0","26","Só espero que isso não seja a calma antes de algum tipo de tempestade..."
"100017","","4","STREAM","EXID_MMD_NIER020_00280","0.5","","","","0","2",""
"100018","","4","STREAM","EXID_MMD_BOOKW_00550","0.5","","","","0","26","Diga aí, rapaz. Você já escreveu uma carta?"
"","","4","STREAM","EXID_MMD_NIER020_00300","0.5","","","","0","2","Quer dizer uma carta? Não sou muito bom em escrever. Sempre levo uma eternidade para descobrir o que quero dizer."
"","","4","STREAM","EXID_MMD_BOOKW_00560","0.5","","","","0","26","O que há para ""descobrir""? Simplesmente se pega a pena na mão e se despeja a alma na página!"
"","","4","STREAM","EXID_MMD_NIER020_00320","0.5","","","","0","2","Como você quiser, Weiss."
"100019","","4","TIME","RA_EID_9320_a0090g_0020_0003","3","","","","0","2",""
"","","4","TIME","RA_EID_9320_a0090g_0020_0005","3","","","","0","26",""
"","","4","TIME","RA_EID_9320_a0090g_0020_0006","3","","","","0","26",""
"100020","","4","STREAM","EXID_MMD_BOOKW_20030","0.5","","","","0","26","Um naufrágio, é isso? Suponho que possamos investigar, já que não temos outras pistas viáveis."
"","","4","STREAM","EXID_MMD_NIER020_00360","0.5","","","","0","2","Certo. Vamos em direção à entrada."
"100021","","4","STREAM","EXID_MMD_NIER020_00370","0.5","","","","0","2","Kainé? Emil?"
"100022","","0","STREAM","EXID_MMD_NIER020_00410","0.5","","","","0","2","Vamos precisar encontrar alguma maneira de entrar nisso."
"","","0","STREAM","EXID_MMD_BOOKW_00620","0.5","","","","0","26","Este navio está em um estado de decadência total. Certamente podemos encontrar um buraco ou algo assim se nos concentrarmos nisso."
"100023","","0","STREAM","EXID_MMD_NIER020_20030","0.5","","","","0","2","Este lugar é bem sombrio; Estou tendo dificuldade para imaginar qualquer morador da cidade pendurado aqui."
"","","0","STREAM","EXID_MMD_BOOKW_20040","0.5","","","<CB=SetGimmick_Set_Late>","0","26","Bem, como não temos outras pistas... que a busca comece!"
"100024","","0","TIME","RA_EID_9320_a0200g_0040_0001","3","","","","0","26",""
"","","0","TIME","RA_EID_9320_a0200g_0040_0002","3","","","","0","35",""
"","","0","TIME","RA_EID_9320_a0200g_0040_0003","3","","","","0","26",""
"","","0","TIME","RA_EID_9320_a0200g_0040_0004","3","","","","0","26",""
"","","0","TIME","RA_EID_9320_a0200g_0040_0005","3","","","","0","2",""
"","","0","TIME","RA_EID_9320_a0200g_0040_0006","3","","","","0","26",""
"100025","","0","TIME","RA_EID_9320_a0200g_0220_0001","3","","","","0","2",""
"","","0","TIME","RA_EID_9320_a0200g_0220_0002","3","","","","0","26",""
"","","0","TIME","RA_EID_9320_a0200g_0220_0003","3","","","","1","58",""
"","","0","TIME","RA_EID_9320_a0200g_0220_0004","3","","","","0","28",""
"100026","","0","TIME","RA_EID_9320_a0200g_0270_0001","3","","","","0","26",""
"100027","","0","TIME","RA_EID_9320_a0200g_0280_0001","3","","","","0","2","Muitos utensílios de cozinha aqui. Eu acho que esta era a cozinha."
"","","0","TIME","RA_EID_9320_a0200g_0280_0002","3","","","","0","26","Isso explicaria por que cheira a óleo."
"100028","","0","TIME","RA_EID_9320_a0200g_0330_0001","4","","<CB=Snow_Disistance>","","0","35","Que diabos era ESTA sala para?"
"100029","","0","TIME","RA_EID_9320_a0200g_0330_0002","4","","<CB=Snow_Disistance>","","0","35","Ooo, olhe as caixas! Vamos dar uma olhada dentro."
"100030","","0","TIME","RA_EID_9320_a0200g_0330_0003","4","","<CB=Snow_Disistance>","","0","35","Isso é comida. Comida podre. ... Muito podre."
"100031","","0","TIME","RA_EID_9320_a0200g_0330_0004","4","","<CB=Snow_Disistance>","","0","35","Acho que aqui era onde eles guardavam sua comida."
"100032","","0","TIME","RA_EID_9320_a0200g_0330_0001","4","","<CB=Snow_Disistance>","","0","35","Caramba... para quê..."
"100033","","0","TIME","RA_EID_9320_a0200g_0330_0002","4","","<CB=Snow_Disistance>","","0","35","Olhe as caixas! Vamos dar uma olhada..."
"100034","","0","TIME","RA_EID_9320_a0200g_0330_0003","4","","<CB=Snow_Disistance>","","0","35","Comida...podre..."
"100035","","0","TIME","RA_EID_9320_a0200g_0330_0004","4","","<CB=Snow_Disistance>","","0","35","Acho que é um depósito onde eles guardavam..."
"100036","","0","TIME","RA_EID_9320_a0200g_0330_0005","4","","<CB=Snow_Disistance>","","0","35","...esse lugar é..."
"100037","","0","TIME","RA_EID_9320_a0200g_0330_0006","4","","<CB=Snow_Disistance>","","0","35","...todas essas caixas...vamos dar uma olhada..."
"100038","","0","TIME","RA_EID_9320_a0200g_0330_0007","4","","<CB=Snow_Disistance>","","0","35","...podre...Muito..."
"100039","","0","TIME","RA_EID_9320_a0200g_0330_0008","4","","<CB=Snow_Disistance>","","0","35","...isso era onde guardavam..."
"100040","","0","STREAM","EXID_MMD_NIER020_20040","0.5","","","","0","2",""
"","","0","TIME","RA_EID_9320_a0200_1525_0002","3","","","","0","26",""
"100041","","0","TIME","RA_EID_9320_a0200_1540_0001","3","","","","0","2",""
"","","0","TIME","RA_EID_9320_a0200_1540_0002","3","","","","0","26",""
"100042","","0","TIME","RA_EID_9320_a0200_1680_0001","3","","","","0","26",""
"","","0","TIME","RA_EID_9320_a0200_1680_0002","3","","","","0","2",""
"100043","","4","STREAM","EXID_MMD_TYRANN_00060","0.5","","","","1","58","Kya ha ha! Oh cara, esse cheiro está ficando <FONT=ITALIC>forte</FONT>!"
"","","0","STREAM","EXID_MMD_TYRANN_00070","0.5","","","","1","58","Como você está se sentindo aí, Sunshine?"
"","","0","STREAM","EXID_MMD_KAINE_20060","0.5","","","<CB=snow_Tyrann_Radio_End>","1","28","Não muito bem. Não consegue perceber?"
"100044","","0","TIME","RA_EID_9320_a0220g_0010_0001","3","","","","0","2","Espera, então esses corpos são...as pessoas da cidade?"
"","","0","TIME","RA_EID_9320_a0220g_0010_0002","3","","","","0","26","Sim, e eles foram devorados. Que destino horrível."
"100045","","0","TIME","RA_EID_9320_a0220g_0040_0001","3","","","","1","58","Kya ha ha! Oh, estamos chegando muito perto de algo desagradável, Sunshine."
"100046","","0","STREAM","EXID_MMD_NIER020_20900","0.5","","","","0","2","Ugh!"
"100047","","0","STREAM","EXID_MMD_NIER020_20910","0.5","","","","0","2","Maldição! O navio não aguentará nesse ritmo!"
"100048","","0","STREAM","EXID_MMD_BOOKW_01880","0.5","","","","0","26","Não pare, rapaz!"
"100049","","0","STREAM","EXID_MMD_BOOKW_01890","0.5","","","","0","26","Eles vão destruir todo o navio para nos alcançar!"
"100050","","0","STREAM","EXID_MMD_BOOKW_01900","0.5","","","","0","26","Chega de perder tempo! O navio vai desmoronar!"
"100051","","0","STREAM","EXID_MMD_BOOKW_01910","0.5","","","","0","26","Kainé e Emil ficarão bem - temos que garantir nossa própria fuga imediatamente!"
"100052","","0","STREAM","EXID_MMD_BOOKW_01920","0.5","","","","0","26","Você quer ser enterrado vivo? Apressa-te!"
"100053","","4","STREAM","EXID_MMD_NIER020_20920","0.5","","","","0","2","Sombras! Droga, eles estão no caminho!"
"100054","","3","STREAM","EXID_MMD_BOOKW_01930","0.5","","","","0","26",""
"100055","","1","STREAM","EXID_MMD_NIER020_20930","0.5","","","","0","2","Ah, ótimo, essas coisas se regeneram!?"
"","","1","STREAM","EXID_MMD_BOOKW_01940","0.5","","","","0","26","Apenas corte através daqueles que estão em seu caminho ou ficaremos aqui até o fim dos tempos!"
"100056","","3","STREAM","EXID_MMD_MERMAID_00290","0.5","","","","1","77",""
"","","3","STREAM","EXID_MMD_MERMAID_00310","0.5","","","","1","77",""
"","","3","STREAM","EXID_MMD_MERMAID_00300","0.5","","","","1","77",""
"100057","","3","TIME","RA_EID_9320_a0250g_0070_0001","3","","","","0","26",""
"100058","","4","STREAM","EXID_MMD_NIER020_20940","0.5","","","","0","2","Parece que podemos sair por aquele buraco lá em cima!"
"100059","","4","TIME","RA_EID_9320_a0260g_0010_0001","3","","","","0","2",""
"","","4","STREAM","RA_EID_9320_a0260g_0010_0002","0.5","","","","0","35",""
"","","4","TIME","RA_EID_9320_a0260g_0010_0003","3","","","","0","2",""
"","","4","TIME","RA_EID_9320_a0260g_0010_0004","3","","","","0","26",""
"","","4","TIME","RA_EID_9320_a0260g_0010_0005","3","","","","0","26",""
"100060","","4","STREAM","EXID_MMD_SNOW_00640","0.5","","","","0","35","Por que esta Sombra não está sendo afetado pelo sol!?"
"","","4","STREAM","EXID_MMD_BOOKW_01990","0.5","","","","0","26","Isso não é precisamente o caso."
"","","4","STREAM","EXID_MMD_BOOKW_02000","0.5","","","","0","26","Certamente ESTÁ sendo queimado pelo sol..."
"","","4","STREAM","EXID_MMD_BOOKW_02010","0.5","","","","0","26","No entanto, suas habilidades regenerativas superam em muito o dano que a luz é capaz de causar."
"100061","","4","STREAM","EXID_MMD_NIER020_21010","0.5","","","","0","2","Então, teremos que aumentar nossos próprios ataques para igualar."
"100062","","4","TIME","RA_EID_9320_a0280g_0030_0001","3","","","","0","26",""
"","","4","TIME","RA_EID_9320_a0280g_0030_0002","3","","","","0","35",""
"","","4","TIME","RA_EID_9320_a0280g_0030_0003","3","","","","0","28",""
"100063","","4","STREAM","EXID_MMD_MERMAID_00320","0.5","","","","1","77","Não importava quantas pessoas eu comesse!"
"","","4","STREAM","EXID_MMD_MERMAID_00330","0.5","","","","1","77","Eu nunca estava satisfeito!"
"100064","","4","STREAM","EXID_MMD_MERMAID_00340","0.5","","","","1","77","Ninguém nunca me ajudou!"
"","","4","STREAM","EXID_MMD_MERMAID_00350","0.5","","","","1","77","Ele foi o único que foi gentil comigo!"
"","","4","STREAM","EXID_MMD_MERMAID_00360","0.5","","","","1","77","Ele me ensinou o que é bondade!"
"","","4","STREAM","EXID_MMD_MERMAID_00370","0.5","","","","1","77","Eu...eu me tornarei humano!"
"","","4","STREAM","EXID_MMD_MERMAID_00380","0.5","","","","1","77","Nós...nós falaremos a mesma língua..."
"","","4","STREAM","EXID_MMD_MERMAID_20060","0.5","","","","1","77","E ficaremos juntos!"
"","","4","STREAM","EXID_MMD_TYRANN_00210","0.5","","","<CB=LIB_Reset_PlayerSide_LevelCap_for_BossRadio>","1","58","Você está fazendo isso por ele? Que triste! Que precioso!"
"100065","","4","STREAM","EXID_MMD_TYRANN_00120","0.5","","","","1","58","Kyaaa ha ha ha!"
"","","4","STREAM","EXID_MMD_TYRANN_00130","0.5","","","<CB=snow_Ruise_Radio_Check>","1","58","Não sei de onde vieram as aulas de canto, mas eu sei que está tentando nos devorar!"
"100066","","4","STREAM","EXID_MMD_KAINE_00460","0.5","","","","0","28","Não pare agora! Concentre-se no próximo!"
"100067","","4","TIME","RA_EID_9320_a0280g_0060_0001","3","","","","0","26",""
"100068","","4","TIME","RA_EID_9320_a0280g_0070_0001","3","","","","0","2",""
"100069","","4","TIME","RA_EID_9320_a0280g_0080_0001","3","","","","0","2",""
"100070","","4","TIME","RA_EID_9320_a0280g_0090_0001","3","","","","0","26",""
"100071","","4","STREAM","EXID_MMD_BOOKW_02020","0.5","","","","0","26","Agora é a nossa chance. Ataque com tudo o que tem!"
"100072","","3","STREAM","EXID_MMD_BOOKW_21050","2","","","","0","26","Essa luz...algo está vindo! Saia do caminho imediatamente!"
"","","4","STREAM","EXID_MMD_TYRANN_00110","0.5","","","","1","58","Ah, ouça! Está cantando! Essa coisa realmente acha que é uma pessoa! Kyaaa ha ha ha!"
"100073","","4","STREAM","EXID_MMD_TYRANN_00200","0.5","","","","1","58","Oh, olha isso... Não consegue se despedir da forma de menininha! Que fofo!"
"100074","","4","TIME","RA_EID_9320_a0280g_0120_0001","3","","","","0","35",""
"100075","","4","TIME","RA_EID_9320_a0280g_0130_0001","3","","","","0","28",""
"100076","","4","TIME","RA_EID_9320_a0280g_0140_0001","3","","","","0","2","Ele destruiu o próprio tentáculo!"
"","","4","TIME","RA_EID_9320_a0280g_0140_0002","3","","","","0","26","Um assunto trivial para essa besta, certamente."
"100077","","4","STREAM","EXID_MMD_BOOKW_02030","0.5","","","","0","26","Não subestime sua capacidade de regeneração! Faça seu fim ser decisivo!"
"100078","","4","STREAM","EXID_MMD_BOOKW_02060","0.5","","","","0","26","Pensar que poderia se recuperar de uma ferida tão grave..."
"","","4","STREAM","EXID_MMD_KAINE_20080","0.5","","","<CB=RA_EID_9320_a0280g_0020_Start>","0","28","Ataques comuns não vão fazer nada contra essa coisa!"
"100079","","4","STREAM","EXID_MMD_SNOW_00650","0.5","","","","0","35","Será que essa coisa está transformando seu corpo em lanças e ATIRANDO em nós?"
"100080","","3","TIME","RA_EID_9320_a0300g_0020_0002","3","","","<CB=RA_EID_9320_a0300g_0012_Set>","0","2","Que tipo de Sombra ataca você com ELE MESMO!?"
"100081","","3","TIME","RA_EID_9320_a0300g_0020_0003","3","","","","0","28","Mantenha a sua guarda alta! esta Sombra não é comum!"
"100082","","4","STREAM","EXID_MMD_BOOKW_02070","0.5","","","","0","26","O número de lanças vindo em nossa direção está aumentando!"
"","","4","STREAM","EXID_MMD_NIER020_21020","0.5","","","","0","2","Sim, eu posso ver isso! Droga!"
"100083","","4","TIME","RA_EID_9320_a0300g_0040_0001","3","","","","0","26",""
"","","4","TIME","RA_EID_9320_a0300g_0040_0002","3","","","","0","2",""
"100084","100085","4","STREAM","EXID_MMD_NIER020_21030","0.5","","","","0","2","Isso não está funcionando! Nós não podemos aguentar!"
"100085","","4","STREAM","EXID_MMD_BOOKW_21100","0.5","","","","0","26","Meu Deus... Se isso continuar..."
"100086","","4","STREAM","EXID_MMD_TYRANN_00140","0.5","","<CB=LIB_Set_PlayerSide_LevelCap>","","1","58","Ei! O cara de antes desmaiou na praia!"
"","","4","STREAM","EXID_MMD_TYRANN_00160","0.5","","","","1","58","Aquela Sombra tem algum tipo de obsessão por ele - devíamos fazer dele um refém!"
"","","4","STREAM","EXID_MMD_KAINE_20090","0.5","","","<CB=LIB_Reset_PlayerSide_LevelCap_for_BossRadio>","1","28","Cale a boca! Eu não estou no negócio de usar minhas lâminas em pessoas."
"100087","","4","STREAM","EXID_MMD_TYRANN_00170","0.5","","<CB=LIB_Set_PlayerSide_LevelCap>","","1","58","Então tá bom! Acho que todos nós vamos sentar ao redor de uma fogueira e cantar canções até sermos mortos!"
"","","4","STREAM","EXID_MMD_KAINE_20100","0.5","","","<CB=LIB_Reset_PlayerSide_LevelCap_for_BossRadio>","1","28","Maldição!"
"100088","","4","TIME","RA_EID_9320_a0300g_0060_0003","3","","","","1","58",""
"100089","","4","TIME","RA_EID_9320_a0300g_0070_0001","3","","","","0","2",""
"","","4","TIME","RA_EID_9320_a0300g_0070_0002","3","","","","0","26",""
"100090","","4","TIME","RA_EID_9320_a0300g_0080_0001","3","","","","0","2",""
"","","4","TIME","RA_EID_9320_a0300g_0080_0002","3","","","","0","26",""
"100091","","4","TIME","RA_EID_9320_a0300g_0090_0001","3","","","","0","26",""
"100092","","4","TIME","RA_EID_9320_a0300g_0100_0001","3","","","","0","28",""
"","","4","TIME","RA_EID_9320_a0300g_0100_0002","3","","","","0","26",""
"","","4","TIME","RA_EID_9320_a0300g_0100_0003","3","","","","0","26",""
"100093","","3","TIME","RA_EID_9320_a0300g_0110_0001","3","","","","0","35","Essa lança está imbuida de magia poderosa!"
"","","3","STREAM","EXID_MMD_BOOKW_21110","0.5","","","","0","26","Recuem! Vai explodir!"
"100094","","4","TIME","RA_EID_9320_a0300g_0120_0001","3","","","","0","35","Há tanta energia mágica..."
"100095","","4","TIME","RA_EID_9320_a0300g_0120_0002","3","","","","0","26",""
"100096","","3","TIME","RA_EID_9320_a0300g_0130_0001","3","","","","0","35","Há tanta energia mágica..."
"100097","","3","STREAM","EXID_MMD_BOOKW_21120","0.5","","","","0","26","Fujam da área coberta de luz!"
"100098","","4","STREAM","EXID_MMD_BOOKW_21130","0.5","","","","0","26","Lá vem! Desviem!"
"100099","","4","TIME","RA_EID_9320_a0300g_0150_0001","3","","","","0","2",""
"","","4","TIME","RA_EID_9320_a0300g_0150_0002","3","","","","0","26",""
"","","4","TIME","RA_EID_9320_a0300g_0150_0003","3","","","","0","26",""
"100100","","4","STREAM","EXID_MMD_TYRANN_00180","0.5","","","","1","58","Você já entendeu a fraqueza dele, certo, Sunshine?"
"","","4","STREAM","EXID_MMD_TYRANN_00190","0.5","","","","1","58","Então, comece a retalhar esse bastardo antes que todos nós morramos!"
"","","4","STREAM","EXID_MMD_KAINE_20110","0.5","","","","0","28","Eu sei, droga! Eu sei!"
"","","4","STREAM","EXID_MMD_KAINE_20140","0.5","","","","0","28","O núcleo desse negócio está na boca, precisamos chegar lá!"
"","","4","STREAM","EXID_MMD_NIER020_21050","0.5","","","","0","2","Você está falando sério!?"
"","","4","STREAM","EXID_MMD_SNOW_20090","0.5","","","<CB=RA_EID_9320_a0300g_0170_Set>","0","35","Hum, mas como vamos fazer isso?"
"","","4","STREAM","EXID_MMD_KAINE_20120","0.5","","","<CB=LIB_Reset_PlayerSide_LevelCap_for_BossRadio>","0","28","Em vez de desperdiçar tempo falando, que tal continuar atacando essa coisa até ela cair!?"
"100101","","4","TIME","RA_EID_9320_a0300g_0170_0001","3","","","","0","26","Grimoire Weiss tem um plano! Arme para o braço da besta depois que ele descer!"
"","","4","TIME","RA_EID_9320_a0300g_0170_0003","3","","","","0","26","Isso tirará o suporte do corpo e o desequilibrará!"
"100102","","4","TIME","RA_EID_9320_a0300g_0170_0002","3","","","","0","26",""
"100103","","4","TIME","RA_EID_9320_a0300g_0180_0001","3","","","","0","26","Agora! Corra pelo braço!"
"100104","","4","TIME","RA_EID_9320_a0300g_0180_0002","3","","","","0","26",""
"100105","","4","TIME","RA_EID_9320_a0300g_0190_0001","3","","","","0","2","Por que parece uma menininha...?"
"","","4","TIME","RA_EID_9320_a0300g_0190_0002","3","","","","0","26","Meros truques, rapaz! Essa besta é uma Sombra de verdade!"
"100106","","4","STREAM","EXID_MMD_MERMAID_20080","0.5","","","","1","77","Por que tenta me impedir!?"
"","","4","STREAM","EXID_MMD_MERMAID_20090","0.5","","","","1","77","Tudo o que eu quero é estar com ele!"
"","","4","STREAM","EXID_MMD_KAINE_00530","0.5","","","<CB=LIB_Reset_PlayerSide_LevelCap_for_BossRadio>","0","28","...Merda!"
"100107","","4","STREAM","EXID_MMD_TYRANN_00210","0.5","","","","1","58","Você está fazendo isso por <FONT=ITALIC>ele</FONT>? Que triste! Que precioso!"
"100108","","4","STREAM","EXID_MMD_SNOW_20140","0.5","","","","0","35","A Sombra está se levantando!"
"100109","","4","TIME","RA_EID_9320_a0300g_0200_0002","3","","","","0","35",""
"100110","","4","STREAM","EXID_MMD_BOOKW_21150","0.5","","","","0","26","Ele está concentrando uma enorme energia mágica em sua cabeça!"
"","","4","STREAM","EXID_MMD_BOOKW_21160","0.5","","","<CB=LIB_Reset_PlayerSide_LevelCap_for_BossRadio>","0","26","Atacá-lo pode fazer com que a energia acumulada lá seja liberada!"
"100111","","4","STREAM","EXID_MMD_MERMAID_20070","0.5","","","","0","77","Pare...de ficar no meu caminho!"
"100112","","4","STREAM","EXID_MMD_BOOKW_21180","0.5","","","","0","26","Agora é a sua chance! Corra, garoto!"
"","","4","STREAM","EXID_MMD_BOOKW_21190","0.5","","","","0","26","Ataque a parte dela que se parece com uma garota!"
"100113","","4","STREAM","EXID_MMD_SNOW_20130","0.5","","","","0","35","O núcleo da Sombra está dentro de sua boca! Depressa!"
"100114","","4","TIME","RA_EID_9320_a0300g_0210_0001","3","","","","0","26","Aonde você está indo!? Devemos parar a besta aqui para que a cidade não seja destruída!"
"100115","","0","","RA_EID_9320_a0300g_0220_0001","","","","","0","26","Está vindo de baixo! Não pare!"
"100116","","4","TIME","RA_EID_9320_a0300g_0230_0001","3","","","","0","26","Mire em seu braço depois que ele baixar! Isso vai desequilibrá-lo!"
"100117","","4","STREAM","EXID_MMD_BOOKW_02230","0.5","","","","0","26","Como pode aguentar tal ataque!?"
"","","4","STREAM","EXID_MMD_SNOW_20160","1.5","","","","0","35","Eu... eu estou realmente com medo, pessoal!"
"","","4","STREAM","EXID_MMD_BOOKW_21260","0.5","","","<CB=EID_9320_a0330_Check>","0","26","Estaremos em grave perigo se ele liberar aquele ataque. Temos que pará-lo!"
"100118","","4","TIME","RA_EID_9320_a0320g_0010_0001","3","","","","0","2",""
"100119","100120","4","STREAM","EXID_MMD_BOOKW_21260","0.5","","","<CB=EID_9320_a0330_Check>","0","26","Estaremos em grave perigo se ele liberar aquele ataque. Temos que pará-lo!"
"100119","","4","TIME","RA_EID_9320_a0320g_0020_0002","3","","","","0","35","Ok, mas como!?"
"100120","","4","STREAM","EXID_MMD_MERMAID_20100","0.5","","","","1","77","Eu... me tornarei... humana..."
"100121","","4","TIME","RA_EID_9320_a0320g_0030_0002","3","","","","0","35",""
"100122","","4","TIME","RA_EID_9320_a0320g_0030_0002","3","","","","1","77","Eu... vou me tornar humana!"
"100123","","4","TIME","RA_EID_9320_a0340g_0010_0001","3","","","","0","26","Isso é... realmente ruim..."
"100124","","4","STREAM","EXID_MMD_BOOKW_21270","0.5","","","","0","26","Argh..."
"","","4","STREAM","EXID_MMD_NIER020_01730","0.5","","","","0","2","Agh..."
"","","4","STREAM","EXID_MMD_SNOW_20170","0.5","","","","0","35","Acho que... estamos em apuros..."
"","","4","STREAM","EXID_MMD_TYRANN_00220","0.5","","","","1","58","O que diabos você está fazendo!? PARE-OS JÁ!"
"","","4","STREAM","EXID_MMD_KAINE_00560","0.5","","","<CB=EID_9320_a0350_Start>","0","28","Meu corpo não vai... Droga! Merda!"
"100125","","4","STREAM","EXID_MMD_SYD_00950","0.5","","","","0","41","Pare! Não machuque essas pessoas!"
"","","4","STREAM","EXID_MMD_MERMAID_00450","0.5","","","","1","77","Você não quer...olhar o mar juntos...?"
"","","4","STREAM","EXID_MMD_SYD_00960","0.5","","","","0","41","Então você esteve mentindo para mim o tempo todo!?"
"","","4","STREAM","EXID_MMD_MERMAID_00460","0.5","","","","1","77","Mas você me pediu para cantar..."
"","","4","STREAM","EXID_MMD_SYD_00970","0.5","","","","0","41","Você...Você é um monstro!"
"100126","","2","STREAM","EXID_MMD_MERMAID_00470","0.5","","","","1","77","Eu quero...ser humano. Eu quero que...fiquemos juntos."
"100127","","4","STREAM","EXID_MMD_SYD_00980","0.5","","","","0","41","Nós NUNCA podemos ficar juntos! Você me ENOJA!"
"100128","","4","STREAM","EXID_MMD_NIER020_21110","0.5","","","<CB=snow_Remind_Radio_Set>","0","2","Parou...?"
"100129","","4","TIME","RA_EID_9320_a0360g_0020_0002","3","","","","0","26","Não perca essa chance! Use magia para dar o golpe final!"
"100130","","4","TIME","RA_EID_9320_a0360g_0030_0001","3","","","","0","26","Nós só temos forças para uma explosão final."
"","","4","TIME","RA_EID_9320_a0360g_0030_0002","3","","","","0","26","Chegue perto o suficiente para que não possamos perder o alvo!"
"100131","","4","STREAM","EXID_MMD_BOOKW_21320","0.5","","","","0","26","Vou me esforçar para reunir energia mágica."
"100132","","4","STREAM","EXID_MMD_NIER020_21110","0.5","","","","0","2","Parou...?"
"","","4","STREAM","EXID_MMD_BOOKW_21330","0.5","","","","0","26","Concentre-se na fonte da magia... Aponte para a cabeça!"
"100133","","4","TIME","RA_EID_9320_a0360g_0050_0001","3","","","","0","26","Esta é a nossa última chance. Não erre, rapaz!"
"100134","","4","TIME","RA_EID_9320_a0360g_0070_0001","3","","","","0","26","Agora! Fogo!"
"100135","","0","","RA_EID_9320_a0360_0080_0001","","","","","0","2",""
"100136","","4","STREAM","EXID_MMD_NIER020_01880","0.5","","","","0","2","Ei, Kainé?"
"","","0","STREAM","EXID_MMD_KAINE_00630","0.5","","","","0","28","Sim?"
"","","0","STREAM","EXID_MMD_NIER020_01890","0.5","","","","0","2","Quando você estava ameaçando aquela Sombra na praia outro dia..."
"","","0","STREAM","EXID_MMD_NIER020_01900","0.5","","","","0","2","Como você sabia que ele estava tentando proteger o carteiro?"
"","","0","STREAM","EXID_MMD_KAINE_00640","0.5","","","","0","28","Apenas um sentimento, eu acho."
"","","0","STREAM","EXID_MMD_NIER020_01910","0.5","","","","0","2","Hm. Tudo bem."
"100137","","0","STREAM","RID_SEAWIFB_10040","0.5","","","","0","19","Aquela pobre mulher... Perder o marido assim..."
"100138","","0","STREAM","RID_SEABOYI_10030","0.5","","","","0","171","Onde você foi, mamãe...?"
"100139","","0","STREAM","RID_SEAFISH_10010","0.5","","","","0","19","Mesmo que não possamos pegar peixe, estar vivo é uma dádiva..."
"100140","","0","STREAM","RID_SEAWIFC_10030","0.5","","","","0","19","Um bando de moradores desapareceu junto com aquele naufrágio enorme..."
"100141","","0","STREAM","RID_SEAWIFE_10040","0.5","","","","0","19","Deus, como eu sinto falta daquelas lutas incríveis que costumavam ter."
"100142","","0","STREAM","RID_SEAOLWC_10020","0.5","","","","0","19","O que vai acontecer com a nossa cidade?"
"100143","","0","STREAM","RID_SEALURE_10010","0.5","","","","0","19","Eu me pergunto se há algo que eu possa fazer para ajudar a cidade..."
"100144","","0","STREAM","EXID_MMD_BOOKW_02390","0.5","","","","0","26","Mesmo sem aqueles que perdemos, o mundo continua a girar implacavelmente..."
"100145","","0","STREAM","EXID_EED_KAINE_20141","0.5","","<CB=LIB_KaineLA_Disable>","","0","28","Matei tantas Sombras quando estava tentando salvar Yonah."
"","","0","STREAM","EXID_EED_KAINE_20150","0.5","","","","0","28","Mas agora, tenho essa sensação estranha como se..."
"","","0","STREAM","EXID_EED_KAINE_20160","0.5","","","<CB=snow_Radio_Timer>","0","28","Como se de alguma forma eles não fossem todos ruins."
"100146","","0","STREAM","EXID_EED_KAINE_20170","0.5","","","<CB=LIB_KaineLA_Enable>","0","28","...Não conseguia explicar por que, porém."
"100147","","0","STREAM","EXID_EED_NPLGUB_20010","0.5","","<CB=LIB_KaineLA_Disable>","<CB=LIB_KaineLA_Enable>","0","9","Morra, maldito! Morra!"
"100148","","0","STREAM","EXID_EED_NPLGUB_20020","0.5","","<CB=LIB_KaineLA_Disable>","","0","9","Ei! Volte! É perigoso aqui!"
"","","0","STREAM","EXID_EED_KAINE_20420","0.5","","","<CB=LIB_KaineLA_Enable>","0","28","Heh. Acho que essa é minha linha, amigo."
"100149","","0","STREAM","EXID_EED_KAINE_20430","0.5","","<CB=LIB_KaineLA_Disable>","<CB=LIB_KaineLA_Enable>","0","28","Suponho que não devo deixar aquele cara morrer."
"100150","","0","STREAM","EXID_EED_KAINE_20460","0.5","","<CB=LIB_KaineLA_Disable>","","0","28","O que um aldeão está fazendo em um lugar como este?"
"","","0","STREAM","EXID_EED_KAINE_20470","0.5","","","<CB=LIB_KaineLA_Enable>","0","28","Acho que posso muito bem perguntar."
"100151","","0","TIME","RA_EID_9400_a0060g_0010_0001","3","","","","0","28","O que diabos as máquinas estão fazendo aqui?"
"","","0","TIME","RA_EID_9400_a0060g_0010_0002","3","","","","0","28","E onde estão os aldeões?"
"100152","","0","TIME","RA_EID_9400_a0060g_0020_0001","3","","","","0","28","Mais deles? Droga..."
"100153","","0","STREAM","EXID_EED_KAINE_20520","0.5","","","","0","28","Ah, vem on, MAIS?!"
"100154","","0","STREAM","EXID_EED_KAINE_20540","0.5","","<CB=LIB_KaineLA_Disable>","<CB=LIB_KaineLA_Enable>","0","28","Não, eu preciso ter certeza de que cada uma dessas coisas está destruída."
"100155","","0","STREAM","EXID_EED_KAINE_20550","0.5","","","","0","28","Alguém quer explicar o que robôs estão fazendo lá dentro?"
"100156","","0","STREAM","EXID_EED_KAINE_20600","0.5","","<CB=LIB_KaineLA_Disable>","","0","28","O que diabos robôs estão fazendo na Floresta dos Mitos?"
"","","0","STREAM","EXID_EED_KAINE_20610","0.5","","","<CB=LIB_KaineLA_Enable>","0","28","É melhor eu me certificar de destruir todos - pode haver mais lá dentro."
"100157","","0","STREAM","EXID_EED_KAINE_20630","0.5","","<CB=LIB_KaineLA_Disable>","","0","28","Que diabos está acontecendo aqui?"
"","","0","STREAM","EXID_EED_KAINE_20640","0.5","","","<CB=EEND_SET_DO_NOT_RUN_AWAY_TRAP><LF><CB=LIB_KaineLA_Enable>","0","28","O que um lugar como este está fazendo dentro de uma árvore?"
"100158","","4","STREAM","EXID_EED_TWINB_00010","0.5","","<CB=LIB_KaineLA_Disable>","","0","25","Bem-vindo ao mar da humanidade."
"","","4","STREAM","EXID_EED_TWING_00010","0.5","","","","0","25","Bem-vindo ao cemitério do pecado e punição."
"","","4","STREAM","EXID_EED_KAINE_20650","0.5","","","","0","28","...Que droga?"
"","","4","STREAM","EXID_EED_TWINB_00020","0.5","","","","0","25","Você...é um replicante."
"","","4","STREAM","EXID_EED_TWING_00020","0.5","","","","0","25","Uma existência fabricada."
"","","4","STREAM","EXID_EED_TWING_00030","0.5","","","","0","25","Nome individual: Kainé."
"","","4","STREAM","EXID_EED_KAINE_20660","0.5","","","","0","28","Quem são vocês? Mostrem-se!"
"","","4","STREAM","EXID_EED_TWINB_00040","0.5","","","","0","25","Mantenha a calma."
"","","4","STREAM","EXID_EED_TWING_00040","0.5","","","","0","25","Não seja precipitado."
"","","4","STREAM","EXID_EED_TWING_00050","0.5","","","","0","25","Em breve nos encontraremos."
"","","4","STREAM","EXID_EED_KAINE_20670","0.5","","","","0","28","......"
"","","4","STREAM","EXID_EED_KAINE_20680","0.5","","","<CB=kaine_enablerun><LF><CB=LIB_KaineLA_Enable>","0","28","Pequenos monstros estranhos..."
"100159","","4","STREAM","EXID_EED_TWINB_00060","0.5","","<CB=LIB_KaineLA_Disable>","","0","25","Este é um banco de dados integrado de gerenciamento de informações projetado para se assemelhar a uma planta perene."
"","","4","STREAM","EXID_EED_TWING_00060","0.5","","","","0","25","Ele transmite fenômenos registrados em sua unidade de memória."
"","","4","STREAM","EXID_EED_KAINE_20690","0.5","","","","0","28","Eu não entendo nada do que você está dizendo."
"","","4","STREAM","EXID_EED_TWINB_00070","0.5","","","","0","25","Observações de você também foram registradas."
"","","4","STREAM","EXID_EED_TWING_00070","0.5","","","","0","25","Você... encerrou o Projeto Gestalt."
"","","4","STREAM","EXID_EED_TWINB_00080","0.5","","","","0","25","Você matou o Gestalt Original. Agora, os Gestalts restantes estão soltos porque não têm para onde ir."
"","","4","STREAM","EXID_EED_TWING_00080","0.5","","","","0","25","Suas ações causaram a morte de inúmeros Replicantes."
"","","4","STREAM","EXID_EED_KAINE_20700","0.5","","","","0","28","Mostrem logo suas malditas caras!"
"","","4","STREAM","EXID_EED_TWINB_00090","0.5","","","","0","25","Não seja precipitado. Em breve nos encontraremos."
"","","4","STREAM","EXID_EED_TWING_00090","0.5","","","","0","25","Em breve nos encontraremos."
"","","4","STREAM","EXID_EED_KAINE_20710","0.5","","","<CB=LIB_KaineLA_Enable>","0","28","......"
"100160","","0","STREAM","EXID_EED_TWINB_00140","0.5","","","","0","25","Meu nome é k?K?∑?XH"
"","","0","STREAM","EXID_EED_TWING_00140","0.05","","","","0","25","Meu nome é p!P!H?cs!"
"","","0","STREAM","EXID_EED_KAINE_20720","0.5","","","","0","28","O que diabos você está dizendo!?"
"","","0","STREAM","EXID_EED_TWINB_00170","0.5","","","","0","25","Nós somos os administradores."
"","","0","STREAM","EXID_EED_TWING_00170","0.5","","","","0","25","Os administradores desta floresta."
"","","0","STREAM","EXID_EED_KAINE_20730","0.5","","","<CB=LIB_Reset_PlayerSide_LevelCap_for_BossRadio>","0","28","Que diabos está acontecendo com esses estranhos?"
"100161","","0","STREAM","EXID_EED_TWINB_00180","0.5","","","","0","79","Como você é verdadeiramente fascinante."
"","","0","STREAM","EXID_EED_TWING_00180","0.5","","","","0","78","Você é exatamente como esperávamos."
"","","0","STREAM","EXID_EED_TWING_00190","0.5","","","","0","80","Venha por aqui."
"100162","","0","TIME","RA_EID_9400_a0110g_0020_0001","3","","","","0","79",""
"","","0","TIME","RA_EID_9400_a0110g_0020_0002","3","","","","0","78",""
"","","0","TIME","RA_EID_9400_a0110g_0020_0003","3","","","","0","28",""
"100163","","4","STREAM","EXID_EED_TWINB_00210","0.5","","","","0","79","Eles são cópias suas, moldadas por maquinário."
"","","4","STREAM","EXID_EED_TWING_00210","0.5","","","","0","78","Uma coleção de unidades de propulsão microscópicas baseadas em plantas unidas com partículas de Maso."
"","","4","STREAM","EXID_EED_TWINB_00220","0.5","","","","0","79","O mesmo que esta floresta."
"","","4","STREAM","EXID_EED_TWING_00220","0.5","","","","0","78","Uma floresta maciça de memórias coalescidas pelas vitórias da mecânica quântica e da pesquisa Maso."
"","","4","STREAM","EXID_EED_TWINB_00230","0.5","","","","0","79","Uma floresta que registra tudo e qualquer coisa sobre o mundo."
"","","4","STREAM","EXID_EED_KAINE_20760","0.5","","","","0","28","Se você queria que eu seguisse qualquer uma dessas coisas, você vai ficar muito desapontado!"
"","","4","STREAM","EXID_EED_TWINB_00240","0.5","","","","0","79","Sua compreensão não é necessária."
"","","4","STREAM","EXID_EED_TWING_00230","0.5","","","","0","78","Afinal, tudo o que você se importa é matar. Não é assim?"
"100164","","4","STREAM","EXID_EED_KAINE_20770","0.5","","<CB=snow_Copy_Kaine_Camera>","","0","28","Esses outros 'eus' são frágeis pra caramba... Eu deveria ficar insultado!"
"","","0","STREAM","EXID_EED_TWINB_00250","0.5","","","","0","79","Não importa quantas cópias você destrua."
"","","0","STREAM","EXID_EED_TWING_00240","0.5","","","<CB=snow_Kaine_Staging_Spawn_Mini_Start>","0","78","Elas simplesmente vão se dispersar e se reconstruir imediatamente."
"","","0","STREAM","EXID_EED_TWINB_00260","0.5","","","","0","79","Ainda há muita diversão por ter."
"","","0","TIME","EXID_EED_TWING_00250","1.9","","","","0","78","Finalmente chegamos ao fim."
"","","0","STREAM","EXID_EED_KAINE_20780","0.5","","","","0","28","Cara, você é muito irritante!"
"","","0","STREAM","EXID_EED_KAINE_20790","0.5","","<CB=EEND_RADIO_FOREST_02_03>","","0","28","Vou rasgar esses freaks em pedaços, comê-los e cagar em uma lata de lixo!"
"100165","","4","STREAM","EXID_EED_KAINE_20800","0.5","","","","0","28","Maldição..."
"100166","","4","STREAM","EXID_EED_TWINB_00270","0.5","","","","0","79","Chegamos ao fim?"
"","","4","STREAM","EXID_EED_TWING_00260","0.5","","","","0","78","Você atingiu seu limite?"
"","","4","STREAM","EXID_EED_KAINE_20810","0.5","","","","0","28","Droga!"
"","","4","STREAM","EXID_EED_TWING_00270","0.5","","","","0","80","Que infeliz."
"100167","","4","STREAM","EXID_EED_SNOW_20070","0.5","","","","0","35","Sinto um poder tremendo neste círculo mágico. Acho que está agindo como uma fonte de energia."
"100168","","4","STREAM","EXID_EED_SNOW_20080","0.5","","","","0","35","Se conseguirmos destruí-lo, todos os outros Kainés também devem desaparecer!"
"","","4","STREAM","EXID_EED_KAINE_20870","0.5","","","<CB=snow_E_Radio_Set>","0","28","Entendi!"
"100169","","3","STREAM","EXID_EED_TWINB_00290","0.5","","","","0","79","Número 7: Uma arma mágica forjada pelos humanos."
"","","3","STREAM","EXID_EED_TWING_00280","0.5","","","","0","78","Um ser que absorveu o poder do Número 6 e transcendou a humanidade."
"","","3","STREAM","EXID_EED_SNOW_20060","0","","","","0","35","Hum, quem é aquele? O que são aquelas vozes?"
"","","3","STREAM","EXID_EED_KAINE_20860","0.5","","","","0","28","Apenas uns meros filhos da puta."
"100170","","1","STREAM","EXID_EED_KAINE_21020","0.5","","","","0","28","Não posso deixar o Emil para trás!"
"100171","","2","STREAM","EXID_EED_SNOW_20090","0.5","","","","0","35","Eu cuidarei do círculo mágico - você se concentre em chutar alguns traseiros Kainé!"
"","","2","TIME","EXID_EED_SNOW_20100","4.5","","","","0","35","Quer dizer, os traseiros dos outros Kainés. Não o seu próprio traseiro Kainé. VOCÊ, a verdadeira Kainé -"
"","","2","STREAM","EXID_EED_KAINE_20880","0.5","","","","0","28","Sim, entendi, Emil! Apenas se concentre!"
"100172","","3","STREAM","EXID_EED_SNOW_20110","0.5","","","","0","35","Nossa, parece que faz uma eternidade desde que lutamos juntos!"
"","","3","STREAM","EXID_EED_KAINE_20890","0.5","","","","0","28","Isso...parece familiar..."
"","","3","STREAM","EXID_EED_KAINE_20900","0.5","","","","0","28","Acho que havia...alguém mais que costumava lutar conosco..."
"","","3","STREAM","EXID_EED_KAINE_21000","0.5","","","","0","28","Minhas memórias estão..."
"","","3","STREAM","EXID_EED_TWINB_00300","0.5","","","","0","79","Foi observada uma flutuação de fenômenos incomuns."
"","","3","STREAM","EXID_EED_TWING_00290","0.5","","","","0","78","Assinatura de singularidade detectada em Replicant Kainé."
"","","3","STREAM","EXID_EED_TWINB_00310","0.5","","","","0","79","Fascinante."
"","","3","STREAM","EXID_EED_TWING_00300","0.5","","","","0","78","Terrivelmente fascinante."
"100173","","3","STREAM","EXID_EED_SNOW_20120","0.5","","","","0","35","Kainé, você está bem!?"
"","","3","STREAM","EXID_EED_KAINE_21010","0.5","","","","0","28","...Sim."
"100174","","0","STREAM","EXID_EED_SNOW_20130","0.5","","","","0","35","Kainé! Eu consegui!"
"100175","","0","STREAM","EXID_EED_SNOW_20140","0.5","","","","0","35","Isso...é uma porta?"
"100176","","0","STREAM","EXID_EED_TWINB_00320","0.5","","","","0","79","Além daqui jaz o que foi perdido."
"","","0","STREAM","EXID_EED_TWING_00310","0.5","","","","0","78","A última esperança - para você recuperar."
"100177","","0","STREAM","EXID_EED_KAINE_21030","0.5","","","","0","28","Não há como voltar atrás agora."
"","","0","STREAM","EXID_EED_KAINE_21040","0.5","","","","0","28","Vamos acabar com isso. ...Tudo isso."
"100178","","4","STREAM","EXID_EED_SNOW_20210","0.5","","<CB=LIB_KaineLA_Disable>","","0","35","Kainé, eu..."
"","","0","STREAM","EXID_EED_SNOW_20220","0.5","","","","0","35","Sinto que esqueci de algo muito importante..."
"","","0","STREAM","EXID_EED_KAINE_21110","0.5","","","","0","28","Me diga sobre isso."
"","","0","STREAM","EXID_EED_SNOW_20230","0.5","","","","0","35","Você também?"
"","","0","STREAM","EXID_EED_KAINE_21120","0.5","","","","0","28","Sim. Não consigo descrever direito, mas é como se minha mente estivesse preenchida com essa estranha névoa."
"","","0","STREAM","EXID_EED_SNOW_20240","0.5","","","","0","35","Acho que eu...fiz uma promessa para alguém?"
"","","0","STREAM","EXID_EED_SNOW_20250","0","","","","0","35","Tipo...que iríamos comer algo delicioso?"
"","","0","STREAM","EXID_EED_KAINE_21130","0.5","","","","0","28","Heh heh."
"","","0","STREAM","EXID_EED_KAINE_21140","0.5","","","","0","28","Bem, então teremos que recuperar essas memórias."
"","","0","STREAM","EXID_EED_SNOW_20260","0.5","","","<CB=LIB_KaineLA_Enable>","0","35","Sim!"
"100179","","4","STREAM","EXID_EED_SNOW_20280","0.5","","<CB=LIB_KaineLA_Disable>","","0","35","Sinto um enorme poder mágico adiante."
"","","0","STREAM","EXID_EED_KAINE_21160","0.5","","","","0","28","Apenas não faça nada precipitado. Entendido?"
"","","0","STREAM","EXID_EED_SNOW_20290","0.5","","","","0","35","Entendi. O mesmo vale para você, Kainé!"
"","","0","STREAM","EXID_EED_SNOW_20300","0.5","","","","0","35","Não quero mais ficar sozinho."
"","","0","STREAM","EXID_EED_KAINE_21170","0.5","","","<CB=LIB_KaineLA_Enable>","0","28","... Sim."
"100180","","0","TIME","RA_EID_9400_a0170g_0010_0001","3","","","","0","35","Oh meu Deus... A energia mágica é incrível!"
"","","0","TIME","RA_EID_9400_a0170g_0010_0002","3","","","","0","35","Isso deve ser o que está alimentando essas máquinas!"
"100181","","0","TIME","RA_EID_9400_a0170g_0015_0001","3","","","","0","35","Ok, eu vou destruir. Você lida com as máquinas!"
"100182","","0","STREAM","EXID_EED_TWINB_00330","0.5","","","","0","79","Este é o quadro principal desta floresta, onde uma grande variedade de informações são armazenadas."
"","","0","STREAM","EXID_EED_TWING_00320","0.5","","","","0","78","Dentro dela existe tudo o que este mundo é, incluindo as memórias que você perdeu."
"","","0","STREAM","EXID_EED_TWINB_00340","0.5","","","","0","79","Embora em vez de memórias, seria melhor dizer o ""mundo"" que você perdeu."
"","","0","STREAM","EXID_EED_TWING_00330","0.5","","","","0","78","Em todo caso, certamente é a resposta que você deve procurar."
"","","0","TIME","EXID_EED_KAINE_21190","3","","","","0","28","Vocês dois, por favor, calem a boca!"
"100183","","0","TIME","RA_EID_9400_a0170g_0040_0002","3","","","","0","25","Ela é uma vida! Ela tem significado e valor, e vamos salvá-la!"
"","","0","TIME","RA_EID_9400_a0170g_0040_0003","3","","","","0","25","Todo mundo tem algo pelo que viver. Até Kainé. ...Até Yonah."
"100184","","0","STREAM","EID_1050_a0072g_0060_NIER010_X_ex","0.5","","","","0","25","Você não tem o direito de decidir quem vive e quem morre!"
"","","0","STREAM","EXID_EED_KAINE_21200","0.5","","","","0","28","Essa voz... É a daqueles meus sonhos."
"","","0","STREAM","EXID_EED_SNOW_20340","0.5","","","","0","35","Eu já ouvi essa voz antes..."
"","","0","STREAM","EXID_EED_TWINB_00350","0.5","","","","0","79","Essas são suas memórias."
"","","0","STREAM","EXID_EED_TWING_00341","0.5","","","","0","78","Um registro que você reescreveu repetidamente."
"100186","","0","TIME","RA_EID_9400_a0170g_0050_0002","3","","","","0","25","Eu sou quem eu sou hoje por causa de você!"
"","","0","TIME","RA_EID_9400_a0170g_0050_0003","3","","","","0","25","Eu não vou desistir de você..."
"100187","","0","STREAM","EID_9000_a0020g_0160_NIER020_X_ex","0.5","","","","0","25","Chegamos tão longe porque você estava conosco, Kainé!"
"","","0","STREAM","EXID_EED_KAINE_21210","0.5","","","","0","28","Maldição... O que é isso!?"
"","","0","STREAM","EXID_EED_TWINB_00360","0.5","","","","0","79","Você sofre?"
"","","0","STREAM","EXID_EED_TWING_00350","0.5","","","","0","78","Você sente dor?"
"","","0","STREAM","EXID_EED_KAINE_21220","0.5","","","","0","28","CALEM A BOCA PORRA!"
"100188","","0","STREAM","EXID_EED_KAINE_21240","1","","<CB=LIB_KaineLA_Disable>","","0","28","Onde...estou?"
"","","0","STREAM","EID_2000_a0140_0100_KAINE010_Y","0.5","","","<CB=RA_EID_9400_a0190g_0011_Set>","0","28","Emil?"
"100189","","0","STREAM","EXID_EED_TWINB_00370","0.5","","","<CB=BGM_E_FOREST_FIELD_04>","0","79","Estas são as suas memórias."
"","","0","STREAM","EXID_EED_TWING_00360","0.5","","","","0","78","Estes são seus registros."
"","","0","STREAM","EXID_EED_TWING_00370","0.5","","","<CB=LIB_KaineLA_Enable>","0","80","Este é o seu mundo."
"100190","","4","STREAM","EXID_EED_KAINE_21250","0.5","","","","0","28","Sombras!?"
"","","4","STREAM","EXID_EED_TWINB_00390","0.5","","","","0","79","Sombras: Almas humanas que foram Gestalt."
"","","4","STREAM","EXID_EED_TWING_00380","0.5","","","","0","78","Estes Sombras são apenas dados reproduzidos através de seus registros."
"","","4","STREAM","EXID_EED_TWING_00390","0.5","","","","0","80","Eles são os verdadeiros humanos que você massacrou em sua jornada."
"","","4","STREAM","EXID_EED_KAINE_21260","0.5","","","","0","28","......"
"100191","","0","STREAM","EXID_EED_KAINE_21270","0.5","","","","0","28","O que diabos é isso?"
"","","0","STREAM","EXID_EED_TWINB_00410","0.5","","<CB=snow_Boy_Radio>","","0","79","Doces memórias do fundo do coração."
"","","0","STREAM","EXID_EED_TWING_00400","0.5","","<CB=snow_Girl_Radio>","<CB=snow_Radio_End>","0","78","Memórias amargas que foram seladas."
"100192","","0","TIME","RA_EID_9400_a0190g_0040_0003","3","","","","0","78",""
"100193","","0","TIME","RA_EID_9400_a0190g_0040_0004","3","","","","0","78",""
"100194","","0","TIME","RA_EID_9400_a0190g_0040_0005","3","","","","0","28",""
"100195","","4","STREAM","EXID_EED_CLEO_00010","0.5","","","","0","55","Beepy, espere! Isso é o suficiente!"
"","","4","STREAM","EXID_EED_CLEO_00020","0.5","","","","0","55","Não! Eu não posso viver sem você!"
"","","4","STREAM","EXID_EED_CLEO_00030","0.5","","","","0","55","Eu não quero ficar sozinho novamente!"
"100196","","4","STREAM","EXID_EED_KAINE_21280","0.5","","","","0","28","Caramba, chega de besteira!"
"","","4","STREAM","EXID_EED_TWINB_00420","0.5","","","","0","79","Você já ouviu muitas vozes."
"","","4","STREAM","EXID_EED_TWING_00410","0.5","","","","0","78","Medo. Ódio. Raiva. Sofrimento."
"","","4","STREAM","EXID_EED_TWING_00420","0.5","","","","0","80","Cada um deles tem significado."
"100197","","4","STREAM","EXID_MAIN_GRETEL_00350_EED","0.5","","","","0","59","Nós somos incompletos. Mas nossos amigos nos completam!"
"","","4","STREAM","EXID_MAIN_GRETEL_00360_EED","0.5","","","","0","59","Somos ridicularizados, abusados e odiados. Mas nossos amigos nos mantêm fortes!"
"","","4","STREAM","EXID_MAIN_GRETEL_00370_EED","0.5","","","","0","59","Isso é o que nos faz seguir em frente!"
"","","4","STREAM","EXID_MAIN_GRETEL_00380_EED","0.5","","","","0","59","Não atrapalhe nossas vidas!"
"100198","","4","STREAM","EXID_EED_KAINE_21290","0.5","","","","0","28","Pare, pare, PARE!"
"","","4","STREAM","EXID_EED_KAINE_21300","0.5","","","","0","28","Eu mato Sombras! É só isso!"
"100199","","4","STREAM","EXID_EED_TWINB_00440","0.5","","","","0","79","Você é uma entidade estrangeira neste mundo."
"","","4","STREAM","EXID_EED_TWING_00430","0.5","","","","0","78","Um erro criado por uma discrepância entre memória e registro."
"","","4","STREAM","EXID_EED_KAINE_21310","0.5","","","","0","28","Eu não entendi NADA DO QUE VOCÊS FILHOS DA PUTA DISSERAM desde o COMEÇO desta maldita aventura!"
"100200","","3","STREAM","EXID_EED_CLMOB_00010","0.5","","","","0","8","Saia, meio-sangue!"
"","","3","STREAM","EXID_EED_CLMOB_00030","0.5","","","","0","8","Você me enoja! Você nos enoja a todos!"
"","","3","STREAM","EXID_EED_CLMOB_00070","0.5","","","","0","8","Não te queremos!"
"","","3","STREAM","EXID_EED_CLMOB_00040","0.05","","","","0","8","Nos deixe em paz!"
"","","3","STREAM","EXID_EED_KAINE_21530","0.5","","","<CB=snow_Totter_1>","0","28","Chega!"
"","","3","STREAM","EXID_EED_KAINE_21550","0.5","","","<CB=snow_Totter_2>","0","28","Por favor, apenas Cale a boca!"
"100201","","3","STREAM","EXID_EED_CLMOB_00020","0.5","","","","0","8","Você trouxe essas Sombras aqui!"
"100202","","3","STREAM","EXID_EED_KAINE_21530","0.5","","","<CB=snow_Totter_1>","0","28","Chega!"
"100203","RA_EID_9400_a0210g_0040","3","STREAM","EXID_EED_CLMOB_00050","0.5","","","","0","8","Não ouse se chamar de humano!"
"","","3","STREAM","EXID_EED_CLMOB_00060","0.5","","","","0","8","Saia daqui!"
"","","3","STREAM","EXID_EED_CLMOB_00070","0.5","","","","0","8","Não te queremos aqui!"
"","","3","STREAM","EXID_EED_CLMOB_00080","0.5","","","","0","8","Saia de nossa vila!"
"100204","","3","STREAM","EXID_EED_KAINE_21540","0.5","","","","0","28","...Tsc."
"","","3","STREAM","EXID_EED_KAINE_21550","0.5","","","<CB=snow_Totter_2>","0","28","Calem a boca de uma vez por todas!"
"100205","","3","STREAM","EXID_EED_KAINE_21370","0.5","","","","0","28","Merda! Eu não consigo alcançá-lo!"
"","","3","STREAM","EXID_EED_KAINE_21380","0.5","","","","0","28","Desça daí seu maldito feio!"
"100206","","3","STREAM","EXID_EED_KAINE_21390","0.5","","","","0","28","Eu disse, desça DAÍ!"
"100207","","1","STREAM","EXID_EED_KAINE_21420","0.5","","","","0","28","Espera, desapareceu!?"
"100208","","3","STREAM","EXID_EED_KAINE_21490","0.5","","","","0","28","Uh oh. Eu acho que ele está carregando sua magia..."
"","","3","STREAM","EXID_EED_KAINE_21500","0.5","","","","0","28","Desça aqui seu inútil que bebe mijo e come merda!"
"100209","","3","STREAM","EXID_EED_BOOKW_20080","0.5","","","","0","26","Presumo que você saiba como usar magia, sim? Então nos dê um show, vadia!"
"","","3","STREAM","EXID_EED_KAINE_21570","0.5","","","","0","28","Eu não preciso da sua ajuda para acabar com esse filho da puta!"
"100209","","3","TIME","RA_EID_9400_a0240g_0010_0003","3","","","","0","28","Certo!"
"100210","","3","STREAM","EXID_EED_KAINE_21580","0.5","","","","0","28","......"
"","","3","STREAM","EXID_EED_KAINE_21590","0.5","","","","0","28","Ei, Weiss."
"","","3","STREAM","EXID_EED_BOOKW_00070","1.5","","","","0","26","Sim?"
"","","3","STREAM","EXID_EED_KAINE_21600","3","","","","0","28","...Obrigado."
"","","3","STREAM","EXID_EED_BOOKW_00080","0.5","","","","0","26","Você tem bebido de novo?"
"","","3","STREAM","EXID_EED_KAINE_21610","0.5","","","","0","28","Foda-se sua cara."
"","","3","STREAM","EXID_EED_BOOKW_20090","0.5","","","<CB=snow_Hook_Radio_Set2>","0","26","Ah. Isso é mais parecido!"
"100211","","2","TIME","RA_EID_9400_a0240g_0020_0001","3","","","","0","26","Agora é a nossa chance!"
"100212","","1","STREAM","EXID_EED_BOOKW_00110","0.5","","","","0","26","Que impertinência! Empale essa coisa amaldiçoada!"
"100213","","1","STREAM","EXID_EED_BOOKW_00140","0.5","","","","0","26","Use meu poder para derrubar a criatura com magia!"
"100214","","2","STREAM","EXID_EED_BOOKW_00170","0.5","","","","0","26","Não desista do ataque!"
"","","2","STREAM","EXID_EED_KAINE_21680","0.5","","","","0","28","Hora de encerrar isso!"
"100215","","2","STREAM","EXID_EED_BOOKW_00100","0.5","","","","0","26","Seus ataques ficam cada vez mais ferozes. Fique vigilante!"
"","","2","STREAM","EXID_EED_KAINE_21650","0.5","","","","0","28","Como se eu me importasse! Vou acabar com essa coisa!"
"100216","","2","STREAM","EXID_EED_KAINE_21660","0.5","","","","0","28","Merda, essa coisa é resistente..."
"","","2","STREAM","EXID_EED_BOOKW_00150","0.5","","","<CB=snow_Hook_Radio_Set>","0","26","Deixe o próximo ataque ser o nosso último!"
"100217","","2","STREAM","EXID_EED_BOOKW_00160","0.5","","","","0","26","O que você está fazendo? Você deve usar magia para deter esse inimigo!"
"","","2","STREAM","EXID_EED_KAINE_21670","0.5","","","","0","28","Eu sei, droga!"
"100218","","2","STREAM","EXID_EED_BOOKW_00120","0.5","","","","0","26","Ele vai carregar! Acerte em sua feia boca!"
"100219","","2","STREAM","EXID_EED_BOOKW_00130","0.5","","","","0","26","Ele vai carregar! Pare-o com magia!"
"100220","","2","TIME","RA_EID_9800_a0100g_0010_0001","3","","","","0","2","(Voz normal do Nier jovem afogado)"
"100221","","2","TIME","RA_EID_9800_a0100g_0020_0001","3","","","","0","2","(Voz normal do Nier adulto afogado)"
"100222","","2","STREAM","EXID_DROWN_BOOKW_00010","0.5","","","","0","26","Mmm. Você está bem, rapaz?"
"","","2","STREAM","EXID_DROWN_NIER010_00010","0.5","","","","0","2","Sim, estou bem."
"","","2","STREAM","EXID_DROWN_BOOKW_00020","0.5","","","","0","26","Você perdeu saúde. Você precisa ser mais cuidadoso."
"100223","","2","STREAM","EXID_DROWN_BOOKW_00030","0.5","","","","0","26","Eu odeio pedir, mas... você não sabe nadar?"
"","","2","STREAM","EXID_DROWN_NIER010_00020","0.5","","","","0","2","...Não conte para a Yonah, ok?"
"100224","","2","STREAM","EXID_DROWN_BOOKW_00040","0.5","","","","0","26","Se você não sabe nadar, por que continua pulando em corpos de água!?"
"","","2","STREAM","EXID_DROWN_NIER010_00030","0.5","","","","0","2","N-não sou eu. É como se... meu corpo simplesmente... fizesse isso por conta própria."
"100225","","2","STREAM","EXID_DROWN_BOOKW_00090","0.5","","","","0","26","Está tudo funcionando bem?"
"","","2","STREAM","EXID_DROWN_NIER020_00010","0.5","","","","0","2","Sim. Sim, Weiss. Estou bem."
"","","2","STREAM","EXID_DROWN_BOOKW_00100","0.5","","","","0","26","Sua saúde diminuiu. Tome mais cuidado na próxima vez, mmm?"
"100226","","2","STREAM","EXID_DROWN_BOOKW_00110","0.5","","","","0","26","Devo dizer que estou bastante surpreso por você não ter se preocupado em aprender a nadar nesses últimos cinco anos."
"","","2","STREAM","EXID_DROWN_NIER020_00020","0.5","","","","0","2","Eu sei nadar! Minha...arma é apenas pesada."
"","","2","STREAM","EXID_DROWN_BOOKW_00120","0.5","","","","0","26","Como quiser, rapaz."
"100227","","2","STREAM","EXID_DROWN_NIER020_00030","0.5","","","","0","2","Ei, Weiss?"
"","","2","STREAM","EXID_DROWN_BOOKW_00130","0.5","","","","0","26","Sim, rapaz?"
"","","2","STREAM","EXID_DROWN_NIER020_00040","0.5","","","","0","2","Existe alguma forma de nadar usando magia, ou...?"
"","","2","STREAM","EXID_DROWN_BOOKW_00140","0.5","","","","0","26","Não."
"","","2","STREAM","EXID_DROWN_NIER020_00050","0.5","","","","0","2","Imaginava."
"100228","","2","STREAM","EXID_DROWN_NIER010_00040","0.5","","","","0","2","Sthp! Blth! Blech! Estou coberto de areia."
"","","2","STREAM","EXID_DROWN_BOOKW_00050","0.5","","","","0","26","Cuide-se antes que toda a sua saúde seja perdida."
"100229","","2","STREAM","EXID_DROWN_NIER010_00050","0.5","","","","0","2","Caramba, eu ODEIO ficar coberto de areia!"
"","","2","STREAM","EXID_DROWN_BOOKW_00060","0.5","","","","0","26","Sptz! Bltz! Sim, tente mais não cair, está bem?"
"100230","","2","STREAM","EXID_DROWN_BOOKW_00070","0.5","","","","0","26","O espaço entre minhas páginas parece... crocante."
"","","2","STREAM","EXID_DROWN_NIER010_00060","0.5","","","","0","2","Eu daria tudo para pular em alguma água agora."
"","","2","STREAM","EXID_DROWN_BOOKW_00080","0.5","","","","0","26","Apesar de sua incapacidade de nadar? Você está louco!?"
"","","2","STREAM","EXID_DROWN_NIER010_00070","0.5","","","","0","2","Foi uma piada, Weiss. Aff."
"100231","","2","STREAM","EXID_DROWN_NIER020_00060","0.5","","","","0","2","Tpphbbht... Bom, ótimo. Estou coberto de areia."
"","","2","STREAM","EXID_DROWN_BOOKW_00150","0.5","","","","0","26","Mergulhar na areia é uma excelente maneira de perder saúde. Tente ser mais cuidadoso, mmm?"
"100232","","2","STREAM","EXID_DROWN_NIER020_00070","0.5","","","","0","2","Céus, ter areia em suas roupas é o PIOR."
"","","2","STREAM","EXID_DROWN_BOOKW_00160","0.5","","","","0","26","Isso faz alguém querer tomar um banho, com certeza."
"","","2","STREAM","EXID_DROWN_NIER020_00080","0.5","","","","0","2","Weiss, você pode até tomar banho?"
"","","2","STREAM","EXID_DROWN_BOOKW_00170","0.5","","","","0","26","Sim."
"","","2","STREAM","EXID_DROWN_NIER020_00090","0.5","","","","0","2","...Huh. Então tá."
"100233","","2","STREAM","EXID_DROWN_BOOKW_00180","0.5","","","","0","26","Talvez os humanos simplesmente não foram projetados para nadar na areia."
"","","2","STREAM","EXID_DROWN_NIER020_00100","0.5","","","","0","2","Concordo."
"","","2","STREAM","EXID_DROWN_BOOKW_00190","0.5","","","","0","26","E, nesse caso, você poderia considerar ser um pouco mais cuidadoso?"
"","","2","STREAM","EXID_DROWN_NIER020_00110","0.5","","","","0","2","...Concordo."
"100234","","2","STREAM","EXID_DROWN_KAINE_00010","0.5","","","","0","28","Maldição..."
"100235","","0","TIME","RA_EID_9320_a0200_1710_0001","3","","","","0","2","Onde aquela garota foi parar?"
"","","0","TIME","RA_EID_9320_a0200_1710_0002","3","","","","0","26","Sem dúvida ela fará outra aparição repentina em algum momento..."
"100236","","0","TIME","DEID_0010_a0010_0150_X","3","","","","0","26","Diga aí..."
"","","0","TIME","DEID_0010_a0010_0160_X","3","","","","0","26","Você não está me ouvindo?"
"100237","","0","STREAM","DEID_0010_a0010_0170_X","0.5","","","","0","26","Por que você está parado como um bobo de boca aberta?"
"","","0","STREAM","DEID_0010_a0010_0180_X","0.5","","","","0","2","Desculpe. Parecia que eu estava... sonhando ou algo assim."
"","","0","STREAM","DEID_0010_a0010_0190_X_1","0.5","","","","0","26","Dormir em pé é realmente um talento."
"","","0","STREAM","DEID_0010_a0010_0190_X_2","0.5","","<CB=RA_EID_9800_a0110g_0010_LookAtDoor>","","0","26","Vamos lá, tem a porta."
"","","0","STREAM","DEID_0010_a0010_0200_X","0.5","","","<CB=RA_EID_9800_a0110g_0010_Radio_End>","0","2","Certo... Vamos."
"100238","","0","STREAM","EXID_MMD_BOOKW_20500","0.5","","","","0","26","Não seria sábio explorar os quartos no andar acima de nós?"
"100239","","0","STREAM","EXID_MMD_BOOKW_20110","0.5","","","","0","26","Vamos investigar mais adiante."
"100240","","0","STREAM","EXID_MMD_BOOKW_20490","0.5","","","","0","26","Já fizemos o suficiente de busca aqui. Avante!"
"100241","","0","STREAM","EXID_MMD_BOOKW_20560","0.5","","","","0","26","Esta pequena lanterna nos levou bastante longe, não é mesmo!"
"","","0","STREAM","EXID_MMD_NIER020_20360","0.5","","","","0","2","Sim. E a luz que ela emite me faz sentir... não sei. Seguro, de alguma forma."
"","","0","STREAM","EXID_MMD_BOOKW_20570","0.5","","","<CB=snow_Dark_Radio_End>","0","26","Bem, não somos românticos!"
"100242","","0","STREAM","EXID_MMD_BOOKW_20750","0.5","","","","0","26","Não devíamos estar seguindo mais adiante?"
"100243","","0","STREAM","EXID_MMD_BOOKW_20790","0.5","","","","0","26","Ainda não encontrou a lanterna? Não temos alternativa senão vasculhar o chão para encontrá-la."
"100244","","0","STREAM","EXID_MMD_BOOKW_20890","0.5","","","","0","26","Você gostaria de voltar lá? Eu preferiria não."
"100245","","0","STREAM","EXID_MMD_BOOKW_21010","0.5","","","","0","26","É realmente hora de recuar agora?"
"100246","","0","STREAM","EXID_MMD_BOOKW_20550","0.5","","","<CB=snow_Radio_Cancel>","0","26","Esse som... É uma Sombra?"
"100247","","0","STREAM","EXID_MMD_NIER020_20040","0.5","","","","0","2","O que há com este navio, afinal?"
"","","0","STREAM","EXID_MMD_BOOKW_20090","0.5","","","","0","26","Pode haver pistas em algum lugar que contem como ele encalhou."
"100248","","0","STREAM","EXID_MMD_BOOKW_20180","0.5","","","","0","26","Você voltaria de onde viemos?"
"100249","","0","STREAM","EXID_MMD_NIER020_20270","0.5","","","","0","2","Pelo menos não há Sombras por aqui."
"","","0","STREAM","EXID_MMD_BOOKW_20430","0.5","","","","0","26","Sorte a nossa. Agora não percamos mais tempo procurando pelos moradores da cidade!"
"100250","","0","TIME","Fake_RA_EID_9320_a0200_2100_0001","3","","","","0","",""
"100251","","0","STREAM","EXID_MMD_BOOKW_20670","0.5","","","","0","26","Uma cozinha, é?"
"100252","","0","TIME","EXID_MMD_BOOKW_20920","4","","","","0","26","Ah, há um corredor por aqui também."
"100253","","0","STREAM","EXID_MMD_BOOKW_20330","0.5","","","","0","26","Uma sala escondida! Que delícia."
"100254","","0","STREAM","SEID_9320_BOOKW_00060_1","0.5","","","","0","26","Uma jóia vermelha, é?"
"","","0","STREAM","SEID_9320_BOOKW_00060_2","0.5","","","","0","26","A loja de coisas estranhas pode lidar com tais artigos."
"","","0","STREAM","SEID_9320_NIER020_00130","0.5","","","","0","2","Vamos dar uma olhada."
"100255","","0","STREAM","SEID_9320_BOOKW_00110","0.5","","","","0","26","Viva para nós por adquirir uma joia vermelha, mas será realmente certo presentear algo que recebemos sem custo?"
"","","0","STREAM","SEID_9320_NIER020_00180","0.5","","","","0","2","Eu acho que é a intenção que conta aqui."
"","","0","STREAM","SEID_9320_BOOKW_00120","0.5","","","","0","26","E de quem é a boa vontade que estamos falando? Devo lembrá-lo que o doador deste presente nem <FONT=ITALIC>está aqui</FONT>."
"100256","","0","STREAM","SEID_9320_BOOKW_00130","0.5","","","","0","26","Que jornada esta tem sido! Vamos imediatamente para a casa do casal."
"100257","","0","STREAM","EXID_MMD_MERMAID_20030","0.5","","","","0","77","Eu tenho que cantar... e animar-me..."
"","","0","STREAM","EXID_MMD_MERMAID_20040","0.5","","","","0","77","Para onde... ele... foi?"
"","","0","STREAM","EXID_MMD_MERMAID_20050","0.5","","","<CB=snow_Voice_Radio_End>","0","77","Por que... sinto-me assim?"
"100258","","0","STREAM","SEID_9320_BOOKW_00070","0.5","","","","0","26","Eu digo, cada vez que encontramos aquele casal briguento de novo, somos obrigados a suportar ainda mais um dilúvio de conversa fiada e incessante!"
"","","0","STREAM","SEID_9320_NIER020_00140","0.5","","","","0","2","Sim, eles adoram falar, tudo bem. Te lembra alguém?"
"","","0","STREAM","SEID_9320_BOOKW_00080","0.5","","","","0","26","O Grimoire Weiss é cem vezes melhor que eles! Você não vê este velho livro flutuando por aí iniciando brigas e conflitos, vê?"
"100259","","0","STREAM","SEID_9320_NIER020_00170","0.5","","","","0","2","Vamos para a casa do cara da bolsa para que possamos dar-lhe sua jóia."
"","","0","STREAM","SEID_9320_BOOKW_00100","0.5","","","","0","26","Eu imagino que seria mais rápido fazer o caminho até Seafront pelo canal."
"100260","","0","TIME","RA_EID_9320_a0360g_0015_0001","3","","","","0","2",""
"","","0","TIME","RA_EID_9320_a0360g_0015_0002","3","","","","0","2",""
"","","0","TIME","RA_EID_9320_a0360g_0015_0003","3","","","<CB=RA_EID_9320_a0360g_Set2>","0","26",""
"100261","","0","TIME","RA_EID_9320_a0360g_0016_0001","3","","","","0","26",""
"100262","100263","0","TIME","RA_EID_9320_a0360g_0017_0001","3","","","","0","2",""
"","","0","TIME","RA_EID_9320_a0360g_0017_0002","3","","","","0","41",""
"","","0","TIME","RA_EID_9320_a0360g_0017_0003","4","","","","0","41",""
"","","0","TIME","RA_EID_9320_a0360g_0017_0004","3","","","","0","2",""
"100263","","0","TIME","RA_EID_9320_a0360g_0018_0001","4","","","","0","26",""
"","","0","TIME","RA_EID_9320_a0360g_0018_0002","4","","","<CB=Yoroyoro_Shoot_Start>","0","26",""
"100264","","0","STREAM","EXID_MMD_BOOKW_21230","0.5","","","","0","26","Pensar que o corpo da criatura poderia envolver um navio tão grande..."
"100265","","0","STREAM","EXID_MMD_NIER020_21080","0.5","","","","0","2","Essa coisa vai destruir a cidade se não pararmos."
"100266","","0","STREAM","EXID_MMD_BOOKW_21240","0.5","","","","0","26","Ele mantém uma distância que sua lâmina não pode alcançar. Use magia!"
"100267","","0","STREAM","EXID_MMD_KAINE_20130","0.5","","","","0","28","Essa coisa não é normal - então mantenha-se esperto a menos que queira morrer!"
"100268","","0","STREAM","EXID_MMD_BOOKW_21250","0.5","","","","0","26","Uma variedade tão aterrorizante de projéteis... Desvie o melhor que puder!"
"100269","","0","TIME","EXID_MMD_SNOW_20150","4","","","","0","35","Eu não posso acreditar que uma Sombra tão enorme sequer existe..."
"100270","","0","STREAM","EXID_MMD_BOOKW_21220","0.5","","","","0","26","A cabeça é imune à magia!"
"100271","","0","TIME","RA_EID_9320_a0280g_0111_0001","4","","","","0","2",""
"100272","","0","STREAM","EXID_MMD_BOOKW_21070","0.5","","","","0","26","Aponte para os tentáculos com rostos neles!"
"100273","","0","STREAM","EXID_MMD_BOOKW_21060","0.5","","","","0","26","Tentáculos com rostos... Que assustador!"
"100274","","0","STREAM","EXID_MMD_NIER020_20980","0.5","","","","0","2","Eu não posso acreditar que aquela garotinha era na verdade ESTA coisa!"
"","","0","STREAM","EXID_MMD_BOOKW_21080","0.5","","","<CB=LIB_Reset_PlayerSide_LevelCap_for_BossRadio>","0","26","Esta monstruosidade é diferente de qualquer coisa que já enfrentamos antes. Permaneçam vigilantes!"
"100275","","0","STREAM","EXID_MMD_NIER020_20970","0.5","","","","0","2","Esta coisa vai pagar pelo que fez com aquelas pessoas!"
"","","0","STREAM","EXID_MMD_BOOKW_21090","0.5","","","","0","26","A cidade estará em grave perigo se deixarmos esta criatura em paz. Devemos acabar com isso aqui e agora!"
"100276","","0","STREAM","EXID_MMD_NIER020_21090","0.5","","","","0","2","Weiss...!"
"","","0","STREAM","EXID_MMD_NIER020_21100","0.5","","","","0","2","Eu tenho que...chegar a Weiss..."
"100277","","0","STREAM","EXID_MMD_NIER020_21120","0.5","","<CB=snow_W_Book_Start_Totter>","","0","2","Weiss... Você está bem?"
"","","0","STREAM","EXID_MMD_BOOKW_21280","0.5","","","","0","26","C-claro..."
"","","0","STREAM","EXID_MMD_BOOKW_21290","0.5","","","","0","26","Er, quero dizer, claro! Quem você pensa que eu sou!? Tal ataque não é nada comparado ao poder de -"
"","","0","STREAM","EXID_MMD_NIER020_21130","0.5","","<CB=snow_Mermaid_Lookat>","","0","2","Weiss, cale a boca - há algo estranho na Sombra agora."
"","","0","STREAM","EXID_MMD_BOOKW_21300","0.5","","","","0","26","De fato? Bem, então essa pode ser a nossa chance."
"","","0","STREAM","EXID_MMD_BOOKW_21310","0.5","","","<CB=snow_Totter_Spear_Start>","0","26","Mesmo assim, provavelmente só temos magia suficiente para um último ataque."
"100278","","0","TIME","RA_EID_9320_a0300g_0081_0001","3","","","","0","26","As partes que parecem humanas são imunes à magia!"
"100279","","0","STREAM","EXID_EED_KAINE_20300","0.5","","","","0","28","Venham aqui, seus pequenos bastardos irritantes."
"100280","","0","STREAM","EXID_EED_KAINE_20310","0.5","","","","0","28","Eu vou esmagar cada um de vocês!"
"100281","","0","STREAM","EXID_EED_KAINE_20190","0.5","","<CB=LIB_KaineLA_Disable>","","0","28","Tem sido tão tranquilo ultimamente."
"","","0","STREAM","EXID_EED_KAINE_20200","0.5","","","","0","28","Sinto como se as coisas costumassem ser muito mais... animadas."
"","","0","STREAM","EXID_EED_KAINE_20210","0.5","","","<CB=LIB_KaineLA_Enable>","0","28","Não tenho certeza do PORQUÊ sinto dessa maneira, no entanto."
"100282","","0","STREAM","EXID_EED_KAINE_20480","0.5","","<CB=LIB_KaineLA_Disable>","","0","28","Ei. Tem alguém em casa?"
"","","0","STREAM","EXID_EED_KAINE_20490","0.5","","","<CB=LIB_KaineLA_Enable>","0","28","......"
"100283","","0","STREAM","EXID_EED_KAINE_20500","0.5","","","","0","28","O que essas coisas estão fazendo aqui?"
"","","0","STREAM","EXID_EED_KAINE_20510","0.5","","","","0","28","Espera, eles mataram os aldeões!?"
"100284","","0","STREAM","EXID_EED_KAINE_20520","0.5","","","","0","28","Ah, não, MAIS?!"
"","","0","STREAM","EXID_EED_KAINE_20530","0.5","","","","0","28","Ugh, eles não param de vir..."
"100285","","0","STREAM","EXID_EED_TWINB_20010","0.5","","","","0","79","Nós temos observado por muito tempo."
"","","0","STREAM","EXID_EED_TWING_20010","0.5","","","","0","78","Nós temos escutado por muito tempo."
"","","0","STREAM","EXID_EED_TWINB_20020","0.5","","","","0","79","As histórias dos vasos reciclados."
"","","0","STREAM","EXID_EED_TWING_20020","0.5","","","","0","78","A voz de um mundo reciclado."
"","","0","STREAM","EXID_EED_TWINB_20030","0.5","","","","0","79","O que você vai nos mostrar?"
"","","0","STREAM","EXID_EED_TWING_20030","0.5","","","","0","78","Você vai nos mostrar o seu potencial?"
"","","0","STREAM","EXID_EED_TWING_20040","0.5","","","<CB=LIB_Reset_PlayerSide_LevelCap_for_BossRadio>","0","80","Nos entretenha."
"100286","","0","STREAM","EXID_EED_SNOW_20270","0.5","","","","0","35","Que diabos? Esses robôs parecem diferentes dos anteriores."
"","","0","STREAM","EXID_EED_KAINE_21150","0.5","","","","0","28","Não diferentes o suficiente para eu não matá-los."
"100287","","0","STREAM","EXID_EED_KAINE_21180","1","","<CB=LIB_KaineLA_Disable>","","0","28","Isso é... o castelo do Shadowlord?"
"","","0","STREAM","EXID_EED_SNOW_20310","2.5","","","<CB=snow_Twins_Radio_Set>","0","35","Kainé, estou sentindo alguma magia poderosa mais à frente..."
"100288","","0","STREAM","EXID_EED_TWINB_20050","0.5","","","","0","79","Este é um lugar muito especial."
"","","0","STREAM","EXID_EED_TWING_20050","0.5","","","<CB=LIB_KaineLA_Enable>","0","78","Para você - e para o mundo."
"100289","","0","STREAM","EXID_EED_SNOW_20320","0.5","","","","0","35","Deve ser o que está alimentando os robôs... Vamos destruí-lo!"
"100290","","4","STREAM","EXID_EED_TWINB_20070","0.5","","","","0","79","Atualizamos os dados que foram recriados a partir de suas memórias."
"","","4","STREAM","EXID_EED_TWING_20070","0.5","","","","0","78","Você pode derrotar esse pesadelo?"
"","","4","STREAM","EXID_EED_KAINE_21360","0.5","","","<CB=LIB_Reset_PlayerSide_LevelCap_for_BossRadio>","0","28","Calem a boca por um segundo e me deixem matá-lo logo!"
"100291","","4","STREAM","EXID_EED_TWINB_20080","0.5","","","","0","79","Seus esforços são fúteis. Não pode ser parado."
"","","4","STREAM","EXID_EED_TWING_20080","0.5","","","","0","78","Não há como escapar deste pesadelo."
"100292","","4","STREAM","EXID_EED_KAINE_21400","0.5","","","","0","28","Alguém mais estava lá quando lutei contra esse bastardo pela primeira vez..."
"","","4","STREAM","EXID_EED_KAINE_21410","0.5","","","<CB=LIB_Reset_PlayerSide_LevelCap_for_BossRadio>","0","28","Porra! Por que não consigo me LEMBRAR!?"
"100293","","4","STREAM","EXID_EED_KAINE_21390","0.5","","","","0","28","Oh, vamos lá, seu covarde de merda!"
"100294","","0","STREAM","EXID_EED_KAINE_21520","0.5","","","","0","28","Okay... Isso doeu..."
"100295","","0","STREAM","EXID_EED_BOOKW_20120","0.5","","","","0","26","A situação é perigosa. Aponte para onde está se reunindo energia mágica!"
"100296","","0","STREAM","EXID_EED_BOOKW_20130","0.5","","","","0","26","Bem feito! Agora acabe com a besta!"
"","","0","STREAM","EXID_EED_KAINE_21630","0.5","","","","0","28","Vamos foder com isso!"
"100297","","0","STREAM","EXID_EED_BOOKW_20140","0.5","","","","0","26","Maldição! Fomos muito lentos."
"100298","","0","STREAM","EXID_EED_BOOKW_20100","0.5","","","","0","26","Você está com a mente sã, vagabunda? O que você está tentando fazer é extremamente..."
"","","0","STREAM","EXID_EED_KAINE_21620","0.5","","","","0","28","Cala a boca, livro. Estou fazendo isso."
"","","0","STREAM","EXID_EED_BOOKW_20110","0.5","","","<CB=LIB_Reset_PlayerSide_LevelCap_for_BossRadio>","0","26","Entendi..."
"100299","","0","STREAM","EXID_EED_BOOKW_20180","0.5","","","","0","26","Vamos terminar isso!"
"100300","","0","STREAM","EXID_EED_KAINE_21690","0.5","","","","0","28","Caramba, como essa coisa AINDA NÃO MORREU!?"
"","","0","STREAM","EXID_EED_BOOKW_20190","0.5","","","","0","26","Não hesitem! Nós atacamos novamente!"
"100301","","0","TIME","RA_EID_9400_a0190g_0091_0001","5","","","","0","28","Eu não entendi NADA que vocês, seus filhos da puta, disseram desde que COMEÇAMOS essa maldita aventura!"
"100302","","0","STREAM","EXID_EED_KAINE_20320","0.5","","<CB=LIB_KaineLA_Disable>","","0","28","Parece que tem muitas Sombras por aqui ultimamente..."
"","","0","STREAM","EXID_EED_KAINE_20330","0.5","","","<CB=snow_Set_Destination_Village><LF><CB=LIB_KaineLA_Enable>","0","28","Talvez eu deva verificar a vila de Yonah."
"100303","","0","STREAM","EXID_MMD_BOOKW_21140","0.5","","","","0","26","Seu golpe é poderoso, mas demora para se recuperar! Desvie e contra-ataque!"
"100304","","0","STREAM","EXID_MMD_NIER020_21060","0.5","","","","0","2","Acho que está funcionando!"
"100305","","0","STREAM","EXID_MMD_BOOKW_21170","0.5","","","","0","26","É agora ou nunca, rapaz! Foque seus ataques na cabeça!"
"100306","","0","STREAM","EXID_MMD_NIER020_21070","0.5","","","","0","2","Okay, agora nós com CERTEZA conseguimos!"
"","","0","STREAM","EXID_MMD_SNOW_20100","0.5","","","","0","35","Ainda não! O ferimento não foi fatal!"
"","","0","STREAM","EXID_MMD_BOOKW_21200","0.5","","","","0","26","Use o corpo dele como um apoio para subir e atacar o núcleo em sua boca!"
"100307","","0","STREAM","EXID_MMD_SNOW_20110","0.5","","","","0","35","Acho que você pode escalar seus tentáculos!"
"100308","","0","STREAM","EXID_MMD_SNOW_20120","0.5","","","","0","35","Tente usar a Sombra como um apoio!"
"100309","","0","STREAM","EXID_MMD_BOOKW_21210","0.5","","","","0","26","Cuidado onde pisa, rapaz! Não caia no mar!"
"100310","","0","STREAM","EXID_EED_KAINE_21890","0.5","","","","0","28","Por que minha espada não consegue cortar essas balas?"
"","","0","STREAM","EXID_EED_KAINE_21330","0.5","","","","0","28","Caramba, que dor no meu traseiro..."
"100311","","4","STREAM","EXID_EED_KAINE_21480","0.5","","","","0","28","Merda. Meus ataques não estão funcionando!"
"100312","","0","STREAM","EXID_EED_KAINE_21900","0.5","","","","0","28","Aff, como eu vou matar esse idiota!?"
"100313","","0","STREAM","EXID_EED_KAINE_21910","0.5","","","","0","28","Merda... Isso é ruim..."
"100314","","4","STREAM","EXID_EED_BOOKW_20150","0.5","","","","0","26","Use minha magia para derrubar a besta."
"","","4","STREAM","EXID_EED_BOOKW_20080","0.5","","","","0","26","Presumo que você saiba como usar magia, sim? Então mostre-nos, biscate!"
"","","4","STREAM","EXID_EED_KAINE_21570","0.5","","","","0","28","Não preciso da sua ajuda para acabar com esse filho da puta desgraçado!"
"100315","","0","STREAM","EXID_EED_BOOKW_20200","0.5","","","","0","26","Os ataques de sua lâmina são inúteis."
"100316","","0","STREAM","EXID_EED_KAINE_21450","0.5","","","","0","28","Tsc!"
"","","0","STREAM","EXID_EED_KAINE_21460","0.5","","","","0","28","Isso é um absurdo, e você vai pagar por isso!"
"100317","","0","STREAM","EXID_EED_KAINE_21470","0.5","","","","0","28","Eu não vou perder para você!"
"100318","","0","STREAM","EXID_EED_BOOKW_20160","0.5","","","","0","26","Seus ataques podem funcionar agora! Leve sua lâmina até ele!"
"100319","","0","STREAM","EXID_EED_BOOKW_20170","0.5","","","","0","26","Não deixe sua determinação vacilar diante de meras ilusões novamente, mulher!"
"","","0","STREAM","EXID_EED_KAINE_21640","0.5","","","","0","28","Não se preocupe! Farei o que precisa ser feito."
"100320","","0","STREAM","EXID_EED_KAINE_20550","0.5","","","","0","28","Por que robôs estariam saindo de um lugar assim?"
"100321","","0","STREAM","EXID_EED_KAINE_21430","0.5","","","","0","28","Sim, essa coisa está planejando algo..."
"100322","","0","STREAM","EXID_EED_KAINE_21440","0.5","","","","0","28","Desça aqui, seu merda!"
"100323","","0","TIME","EXID_LOWANGLE_KAINE_00010","3","","","","0","28","...Pare com isso."
"100324","","0","TIME","EXID_LOWANGLE_KAINE_00020","3","","","","0","28","...Saia de perto."
"100325","","4","STREAM","EXID_EED_SNOW_20150","0.5","","<CB=LIB_KaineLA_Disable>","","0","35","Uau. O que é este lugar?"
"","","0","STREAM","EXID_EED_SNOW_20160","0.5","","","","0","35","Pelo menos não parece haver nenhum vilão por perto."
"","","0","STREAM","EXID_EED_KAINE_21050","0.2","","","","0","28","Emil, eu não tive a chance de perguntar ainda com toda essa luta e merda, mas..."
"","","0","STREAM","EXID_EED_KAINE_21060","0","","","","0","28","O que aconteceu com você naquela época? E onde você esteve? ...E por que diabos você tem <FONT=ITALIC>quatro braços</FONT>?"
"","","0","STREAM","EXID_EED_SNOW_20170","0","","","","0","35","K-Kainé, eu..."
"","","0","STREAM","EXID_EED_SNOW_20180","0.5","","","","0","35","Olha, vai demorar muito para explicar tudo isso agora."
"","","0","STREAM","EXID_EED_KAINE_21070","0.5","","","","0","28","Tudo bem."
"","","0","STREAM","EXID_EED_KAINE_21080","0.5","","","","0","28","......"
"","","0","STREAM","EXID_EED_KAINE_21090","0.5","","","","0","28","Eu estava preocupado, sabe?"
"","","0","STREAM","EXID_EED_SNOW_20190","0.5","","","","0","35","Ah, Kainé..."
"","","0","STREAM","EXID_EED_SNOW_20200","0.5","","","","0","35","Mas olha só para nós agora. Time Kamil, juntos de novo!"
"","","0","STREAM","EXID_EED_KAINE_21100","0.5","","","<CB=LIB_KaineLA_Enable>","0","28","Sim, acho que sim."
"100326","","0","STREAM","EXID_LOWANGLE_KAINE_00030","0.5","","","","0","28","Para de me distrair."
"100327","","0","STREAM","EXID_LOWANGLE_KAINE_00040","0.5","","","","0","28","Você é um saco, não é?"
"100328","","0","STREAM","EXID_LOWANGLE_KAINE_00050","0.5","","","","0","28","Acha que é engraçadinho, né?"
"100329","","0","STREAM","EXID_LOWANGLE_KAINE_00060","0.5","","","","0","28","O que você está olhando?"
"100330","","0","STREAM","EXID_LOWANGLE_KAINE_00070","0.5","","","","0","28","Deu uma espiada?"
"100331","","0","STREAM","EXID_LOWANGLE_KAINE_00080","0.5","","","","0","28","Chega."
"100332","","0","STREAM","EXID_LOWANGLE_KAINE_00090","0.5","","","","0","28","......"
"100333","","0","STREAM","EXID_LOWANGLE_KAINE_00100","0.5","","","","0","28","Acha que é o fodão, né?"
"100334","","0","STREAM","EXID_LOWANGLE_KAINE_00110","0.5","","","","0","28","Este é o seu último aviso."
"100335","","0","STREAM","EXID_LOWANGLE_KAINE_00120","0.5","","","","0","28","Tudo bem, vá se foder e morrer, seu pequeno pervertido!"
"100336","","0","STREAM","EXID_MMD_BOOKW_01690","0.5","","","","0","26","Hm? É isso...?"
"100337","","0","STREAM","BID_NIER_00730_1","0.5","","","","0","2",""
"100338","","0","STREAM","EXID_MMD_KAINE_00540","0.5","","","<CB=BGM_EID_9320_a0310_radio>","0","28","Ei! Aqui!"
""