"1000","","0","2","0","RID_FRHEAD_00010","","","","","-1","0","0","0","127","Passt ... auf ..."
"","","0","1","0","RID_FRHEAD_00020","","","","","-1","0","0","0","127","Passt ... auf ... die Wor...te ..."
"","","0","1","0","EID_1500_a0020g_0080_X","","","","","-1","0","-1","0","2","Die Worte? Was meint Ihr damit?"
"","","0","1","0","RID_FRHEAD_00030","","","","","-1","0","0","0","127","Ansteckende ... Worte ..."
"","","0","1","0","RID_FRHEAD_00040","","","","","-1","0","0","0","127","Die ... Träumenden ..."
"","","0","1","0","EID_1500_a0020g_0110_X","","","","<CB=LIB_SET_CLOSE_2D_GAUGE><LF><CB=CHANGE_WINDOW_SIZE,1,1362,1018>","-1","0","-1","0","2","Die Träumenden?"
"1001","","0","1","0","RID_NIER_00120_NIER010","","","","","-1","0","-1","0","2","Hallöchen!"
"","","0","1","0","EID_1500_a0020g_0020_X","","","","<CB=EID_1500_a0020g_0020_End>","-1","0","0","0","74","..."
"1002","","0","1","0","EID_1500_a0020g_0020_X","","","","<CB=EID_1500_a0020g_0020_02_End>","-1","0","0","0","74","..."
"1003","","0","1","0","RID_NIER_00090","","","","","-1","0","-1","0","2","Ähm ... Hallo?"
"","","0","1","0","EID_1500_a0020g_0040_X","","","","","-1","0","0","0","8","..."
"","","0","1","0","EID_1500_a0020g_0050_X","","","","<CB=EID_1500_a0020g_0030_End>","-1","0","0","0","26","Echt ""fröhlich und redselig"", Popola."
"1004","","0","1","0","EID_1500_a0020g_0040_X","","","","<CB=EID_1500_a0020g_0030_02_End>","-1","0","0","0","8","..."
"1005","","0","1","0","RID_FRHEAD_00050","","","<CB=SET_ACTOR_PAUSE_ON,1362>","","0","-1","1362","0","127","Oh, vielen herzlichen Dank!"
"","","0","1","0","RID_FRHEAD_00060","","","","","0","-1","1362","0","127","Jetzt kann ich endlich wieder ein normales Leben führen."
"","","0","1","0","EID_1500_a0107_0030_X","","","","","0","1362","1025","0","26","Das ist eine der merkwürdigsten Krankheiten, die ich je gesehen habe."
"","","0","1","0","RID_FRHEAD_00070","","","","<CB=EID_1500_a0020g_0010_End>","0","-1","1362","0","127","Ich weiß. Daher müssen wir den anderen Dorfbewohnern um jeden Preis helfen."
"1006","","0","1","0","RID_FRHEAD_00060","","","","","0","-1","1362","0","127","Jetzt kann ich endlich wieder ein normales Leben führen."
"","","0","1","0","EID_1500_a0107_0030_X","","","","","0","1362","1025","0","26","Das ist eine der merkwürdigsten Krankheiten, die ich je gesehen habe."
"","","0","1","0","RID_FRHEAD_00070","","","","","0","-1","1362","0","127","Ich weiß. Daher müssen wir den anderen Dorfbewohnern um jeden Preis helfen."
"1007","","0","2","0","EID_9999_NoSound","","","","","-1","0","0","0","74","..."
"","","0","1","0","EID_1599_a0108_0020_X","","","","","-1","0","-1","0","2","Diese Person träumt offenbar auch."
"","","0","1","0","EID_1599_a0108_0030_X","","","","<CB=C_FOREST_FIELD_DREAM_CB_Start,0>","-1","0","0","0","26","Ja, so scheint es."
"1008","","0","1","0","EID_1599_a0108_0040_X","","","<CB=EID_1500_a0108_0010_SN>","","-1","0","-1","0","2","Ich kann nicht sagen, dass ich begeistert bin wieder dorthin zu müssen. Diese Traumwelt macht mir irgendwie Angst."
"","","0","1","0","EID_1599_a0108_0050_X","","","","","-1","0","0","0","26","Vielleicht solltest du weniger Zeit mit Jammern verbringen und dich stattdessen auf die Aufgabe konzentrieren!"
"","","0","1","0","EID_1599_a0108_0060_X","","","","<CB=LIB_SET_CLOSE_2D_GAUGE><LF><CB=BG_AND_ENV_FADE_OUT><LF><CB=CHANGE_WINDOW_SIZE,9,1363,1059>","-1","0","-1","0","2","Ja, ja ..."
"1009","","0","1","0","EID_1500_a0112_0010_X","","","<CB=SET_ACTOR_PAUSE_ON,1363>","","-1","0","0","0","2","..."
"","","0","1","0","EID_1500_a0112_0020_X","","","","","-1","0","0","0","26","..."
"","","0","1","0","EID_1500_a0112_0030_X","","","","","-1","0","0","0","2","Hast du dazu etwas zu sagen?"
"","","0","1","0","EID_1500_a0112_0040_X","","","","","-1","0","0","0","26","Hoffentlich gibt es dort beim nächsten Mal kein Labyrinth!"
"","","0","1","0","EID_1500_a0112_0050_X","","","","<CB=EID_1500_a0108_0010_End>","-1","0","0","0","2","Das hoffe ich auch."
"1010","","0","2","0","EID_1500_a0114_0010_X","","","","<CB=C_FOREST_FIELD_DREAM_CB_Start,1>","-1","0","0","0","26","Und noch ein Opfer ... Das ist eine ziemlich beschwerliche Arbeit."
"1011","","0","1","0","EID_1500_a0114_0020_X","","","","","-1","0","0","0","2","Ich hätte gedacht, dass dieser ganze Wörterkram doch genau dein Ding sein sollte, Weiss."
"","","0","1","0","EID_1500_a0114_0030_X","","","","<CB=LIB_SET_CLOSE_2D_GAUGE><LF><CB=BG_AND_ENV_FADE_OUT><LF><CB=CHANGE_WINDOW_SIZE,9,1364,1086>","-1","0","0","0","26","Selbst ich habe meine Ausnahmen. Und jetzt lass uns gehen."
"1012","","0","1","0","EID_1500_a0122_0010_X","","","<CB=SET_ACTOR_PAUSE_ON,1364>","","-1","0","0","0","26","..."
"","","0","1","0","EID_1500_a0122_0020_X","","","","","-1","0","0","0","2","Das war hart."
"","","0","1","0","EID_1500_a0122_0030_X","","","","","-1","0","0","0","26","Ich bin mir sicher, das hier schon einmal gesehen zu haben."
"","","0","1","0","EID_1500_a0122_0040_X","","","","<CB=EID_1500_a0118_0010_End>","-1","0","0","0","2","Schon gut, das reicht. Du musst jetzt nicht auch noch komisch werden."
"1013","","0","1","0","EID_1500_a1025_0010_X","","","<CB=SET_ACTOR_PAUSE_ON,1364>","","-1","0","0","0","26","..."
"","","0","1","0","EID_1500_a1025_0020_X","","","","","-1","0","0","0","2","..."
"","","0","1","0","EID_1500_a1025_0030_X","","","","","-1","0","0","0","26","........."
"","","0","1","0","EID_1500_a1025_0040_X","","","","","-1","0","0","0","2","........."
"","","0","1","0","EID_1500_a1025_0050_X","","","","","-1","0","0","0","26","Es scheint, dass wir einen Fehler gemacht haben."
"","","0","1","0","EID_1500_a1025_0060_X","","","","","-1","0","0","0","2","Ja."
"","","0","1","0","EID_1500_a1025_0070_X","","","","","-1","0","0","0","26","Nächstes Mal sollten wir vorsichtiger sein."
"","","0","1","0","EID_1500_a1025_0080_X","","","","<CB=EID_1500_a0118_0010_Bad>","-1","0","0","0","2","Das ist der schlimmste Auftrag aller Zeiten."
"1014","","0","1","0","EID_1500_a0200_0010_X","","","","","-1","0","0","0","2","Also gut. Da bitte. Nun können alle Dorfbewohner aufwachen, richtig?"
"","","0","1","0","EID_1500_a0200_0020_X","","","","","-1","0","0","0","26","Ja, wenn die Annahme des Bürgermeisters richtig ist."
"","","0","1","0","EID_1500_a0200_0030_X","","","","","-1","0","0","0","26","Ich denke, das waren genug Wortspiele für ein ganzes Leben. Vielen Dank!"
"","","0","1","0","EID_1500_a0200_0035_X","","","","","-1","0","0","0","2","Wem sagst du das? Egal. Lass uns beim Bürgermeister vorbeischauen."
"1015","","0","2","0","RID_FRHEAD_00080","","","","","0","-1","1362","0","127","Ach, danke! Vielen, vielen Dank!"
"","","0","1","0","RID_FRHEAD_00090","","","","<CB=EID_1500_a0200_020_Start>","0","-1","1362","0","127","Hier habe ich etwas für Euch."
"1016","","0","1","0","EID_4500_a0400_0070_X","","","","","0","1362","-1","0","2","Oha, das sieht wertvoll aus. Darf ich das wirklich behalten?"
"","","0","1","0","RID_FRHEAD_00100","","","","","0","-1","1362","0","127","Natürlich!"
"","","0","1","0","RID_FRHEAD_00110","","","","","0","-1","1362","0","127","Anscheinend ist das eine berühmte Waffe, aber wir können sie nicht gebrauchen."
"","","0","1","0","EID_4500_a0400_0100_X","","","","","0","1362","-1","0","2","Nun, das wissen wir zu schätzen."
"","","0","1","0","RID_FRHEAD_00120","","","","<CB=EID_1500_a0200_020_End>","0","-1","1362","0","127","Danke noch mal. Für alles!"
"1017","","0","1","0","EID_4500_a0400_0050_X","","","","","-1","0","0","0","26","Ich kann diese fürchterlichen Unterhaltungen nicht mehr ertragen. Verschieben wir das auf ein anderes Mal."
"1018","1019","1","1","0","NV_ID_1344","","","<CB=SET_ACTOR_PAUSE_ON,1362>","","-1","0","0","0","","Weiss: Warte mal einen Moment. Da geht etwas Seltsames in meinem Verstand vor sich."
"","","1","1","0","EID_9999_NoSound","","","","","-1","0","0","0","","Weiss' Stimme erhob sich in einer komischen Weise."
"","","1","1","0","NV_ID_1348","","","","","-1","0","0","0","","Weiss: Sie ist NICHT komisch!"
"1019","1020","1","1","0","NV_ID_1350","","","","","-1","0","0","0","","<NIER>: Was geht hier vor sich?"
"","","1","1","0","EID_9999_NoSound","","","","","-1","0","0","0","","Der Körper des Dorfbewohners erzitterte, als er langsam seine Augen öffnete."
"","","1","1","0","NV_ID_1354","","","","","-1","0","0","0","","Weiss: Vielleicht sollten wir zunächst diesen Mann befragen."
"1020","1021","1","1","0","NV_ID_1355","","","","","-1","0","0","0","","Dorfbewohner: ... W-Wer seid ihr?"
"","","1","1","0","NV_ID_1357","","","","","-1","0","0","0","","<NIER>: Ich bin <NIER>. Das ist Weiss. Wir haben gehört, dass dem Dorf etwas zugestoßen ist, deshalb kamen wir her, um zu helfen."
"","","1","1","0","EID_9999_NoSound","","","","","-1","0","0","0","","Der Dorfbewohner blickte <NIER> und Weiss an."
"1021","1022","1","1","0","NV_ID_1361","","","","","-1","0","0","0","","Dorfbewohner: Wenn Ihr zu mir sprechen könnt ..."
"","","1","1","0","NV_ID_1362","","","","","-1","0","0","0","","Dorfbewohner: ... muss ich Euch in meinen Traum gezogen haben."
"","","1","1","0","NV_ID_1363","","","","","-1","0","0","0","","<NIER>: Wie bitte?"
"1022","","1","1","0","EID_9999_NoSound","","","","","-1","0","0","0","","Der Dorfbewohner erklärte es."
"","","1","1","0","EID_9999_NoSound","","","","<CB=CHANGE_WINDOW_SIZE,2,1362,1023>","-1","0","0","0","","In den letzten Wochen hatte sich eine geheimnisvolle Krankheit im Märchenwald ausgebreitet, die als Todestraum bezeichnet wurde. Jene, die damit angesteckt wurden, fielen in einen tiefen Schlaf und mussten auf ewig in ihrer eigenen Traumwelt leben. <STOP>Der Bürgermeister des Dorfs hatte herausgefunden, dass der Todestraum durch gesprochene Worte von Person zu Person übertragen wurde. Doch bevor er mehr in Erfahrung bringen konnte, hatte die Krankheit auch ihn erwischt."
"1023","1024","1","1","0","NV_ID_0002","","","<CB=SET_ACTOR_PAUSE_ON,1362>","","-1","0","0","0","","Weiss sah den Bürgermeister an, während sein Mund leicht zuckte."
"","","1","1","0","NV_ID_0003","","","","","-1","0","0","0","","""Also"", sagte er, ""wollt Ihr damit sagen, dass wir in Euren Traum absorbiert wurden?"""
"","","1","1","0","NV_ID_0004","","","","","-1","0","0","0","","""Ähm, nun ... ja"", entgegnete der Bürgermeister. ""Ich denke, so war es."""
"","","1","1","0","NV_ID_0005","","","","","-1","0","0","0","","""Mit anderen Worten"", sagte <NIER>, ""haben wir uns den Todestraum eingefangen?"""
"","","1","1","0","EID_9999_NoSound","","","","","-1","0","0","0","","Bevor der Bürgermeister die Vermutung von <NIER> bestätigen konnte, explodierte Weiss vor Wut."
"","","1","1","0","NV_ID_0007","","","","","-1","0","0","0","","""Lächerlich! Absurd! Vollkommen unfassbar in jeder Hinsicht! Ich kann mich nicht einmal daran erinnern, eingeschlafen zu sein!"""
"","","1","1","0","NV_ID_0008","","","","","-1","0","0","0","","Der Bürgermeister versuchte, die Beschwerden von Weiss gewandt abzutun."
"","","1","1","0","EID_9999_NoSound","","","","","-1","0","0","0","","""So funktioniert der Todestraum eben"", sagte er und schob die Bemerkungen des Buches beiseite."
"","","1","1","0","NV_ID_0010","","","","","-1","0","0","0","","""Meine Bemerkungen werden nicht einfach so beiseite geschoben, Dummkopf!""<PAGE>"
"","","1","1","0","EID_9999_NoSound","","","","<CB=BG_AND_ENV_FADE_OUT>","-1","0","0","0","","Der Bürgermeister verzog peinlich berührt sein Gesicht und wechselte schnell das Thema. Er befragte, wen <NIER> seit der Ankunft im Dorf gesehen und mit wem er gesprochen hatte."
"1024","","1","1","0","NV_ID_0012","","","","","-1","0","0","0","","""Es muss etwas geben, das Euch in meinen Traum hat eintreten lassen"", sagte der Bürgermeister. ""Ein bestimmtes Gespräch, ein spezifisches Wort ... Irgendetwas!"""
"","","1","1","0","EID_9999_NoSound","","","","","-1","0","0","0","","<NIER> und Weiss zerbrachen sich die Köpfe, aber sie konnten keine einfache Lösung finden. Es gab einfach zu viele Worte zu berücksichtigen, zu viel wahlloses Geplauder, zu viele bedeutungslose Unterhaltungen.<PAGE>"
"","","1","1","0","NV_ID_0014","","","","","-1","0","0","0","","""Grimoire Weiss führt keine bedeutungslosen Unterhaltungen!"""
"","","1","1","0","EID_9999_NoSound","","","","","-1","0","0","0","","Die bloße Andeutung, dass Weiss seine Worte unbedacht wählte, schien ihn in seinem Stolz zu verletzen."
"","","1","1","0","NV_ID_0016","","","","","-1","0","0","0","","""Sie 'schien' nicht, seinen Stolz zu verletzen, du aufgeblasener Schwätzer von Erzähler! Sie hat ihn vollkommen zerstört!"""
"","","1","1","0","EID_9999_NoSound","","","","","-1","0","0","0","","Irritiert blickte Weiss zum Himmel, als ob er dort nach Antworten suchte."
"","","1","1","0","NV_ID_0018","","","","","-1","0","0","0","","""Das habe ich nicht getan! Lass mich einfach in Ruhe!"""
"","","1","1","0","EID_9999_NoSound","","","","<CB=CHANGE_WINDOW_SIZE,9,1362,1025>","-1","0","0","0","","Die Wut, die seine harten Worte erzeugte, sprang wie eine Seuche auf <NIER> über."
"1025","1026","1","1","0","EID_9999_NoSound","","","<CB=SET_ACTOR_PAUSE_ON,1362>","","-1","0","0","0","","""Moment"", sagte <NIER> plötzlich. ""Hat jemand gerade 'ansteckend' gesagt?"""
"","","1","1","0","EID_9999_NoSound","","","","","-1","0","0","0","","""Ja, ich glaube schon. Wieso?"""
"","","1","1","0","EID_9999_NoSound","","","","","-1","0","0","0","","""Nun, dieser Dorfbewohner sagte, wir sollten uns vor ansteckenden Worten hüten, nicht wahr?"""
"","","1","1","0","EID_9999_NoSound","","","","","-1","0","0","0","","Der Bürgermeister lehnte sich mit erneuertem Interesse nach vorne und schob den verwirrten Weiss beiseite."
"","","1","1","0","EID_9999_NoSound","","","","","-1","0","0","0","","""Nun, er muss <FONT=ITALIC>irgendetwas</FONT> gesagt haben, nicht wahr?"", fragte der Bürgermeister. ""Eine bestimmte Kombination aus Worten? Was war es nur?""<PAGE>"
"","","1","1","0","EID_9999_NoSound","","","","","-1","0","0","0","","""Es hatte etwas mit Träumen zu tun oder mit etwas, das träumt, oder ...<LF>Ach, was zur Hölle war es nur?"""
"","","1","1","0","EID_9999_NoSound","","","","","-1","0","0","0","","""Ein Schaf?!"", schrie Weiss plötzlich und platzte damit mit dem Ersten heraus, was ihm einfiel."
"","","1","1","0","EID_9999_NoSound","","","","","-1","0","0","0","","Die anderen blickten ihn stumm an, bevor sie langsam ihre Köpfe schüttelten. <STOP>Nach ein paar weiteren Minuten des Nachdenkens, erhellte sich das Gesicht von <NIER> plötzlich."
"","","1","1","0","EID_9999_NoSound","","","","","-1","0","0","0","","""Ich erinnere mich!"", sagte er. ""Er hat 'Die Träumenden' gesagt, da bin ich mir sicher."""
"","","1","1","0","EID_9999_NoSound","","","","","-1","0","0","0","","Daraufhin zog der Bürgermeister ein dickes Papierbündel aus seiner Tasche. Er blätterte ein paar Mal darin herum und nickte <NIER> schließlich zustimmend zu.<PAGE>"
"","","1","1","0","EID_9999_NoSound","","","","","-1","0","0","0","","""Das klingt richtig"", sagte er, während ein loses Blatt Papier zu Boden segelte. ""Meine Notizen enthalten ebenfalls etwas darüber. Ich wette, es war das Letzte, was ihr gehört habt, bevor ihr eingeschlafen seid."""
"1026","1027","1","1","0","EID_9999_NoSound","","","","","-1","0","0","0","","Der Bürgermeister schüttelte den Kopf, während sein abgenutzter Bleistiftstummel Linien über ein einsames Blatt Papier zog.<PAGE>"
"","","1","1","0","EID_9999_NoSound","","","","","-1","0","0","0","","""Den gesamten letzten Monat über habe ich die Seuche untersucht, die wir Todestraum nennen"", sagte er. <STOP>""Ich meine, ich bin der Bürgermeister, nicht wahr? Es ist meine Aufgabe, die Bürger vor jeglicher Unbill zu beschützen. Aber ich hätte niemals erwartet, dass ein paar Außenstehende anfangen, die Träume der Leute zu betreten."" <STOP>Der Bürgermeister machte eine Pause, sein Gesicht zu einer Grimasse verzogen. ""Ich sollte mir womöglich Notizen oder so machen.""<PAGE>"
"","","1","1","0","EID_9999_NoSound","","","","","-1","0","0","0","","Weiss fiel ihm sofort ins Wort."
"","","1","1","0","EID_9999_NoSound","","","","","-1","0","0","0","","""Ich bin begeistert von der Willenskraft, die nötig ist, um eine Seuche im Traum zu erforschen"", sagte er, ""aber vielleicht solltet Ihr Eure Bemühungen darauf konzentrieren, diesem Ort zu entfliehen, anstatt zu versuchen, ihn zu verstehen."""
"1027","1028","1","1","0","EID_9999_NoSound","","","<CB=snow_Weapon_Appear_Change>","","-1","0","0","0","","Die Hand des Bürgermeisters klammerte sich fest um den Bleistift und brach dabei dessen Spitze ab.<PAGE>"
"","","1","1","0","EID_9999_NoSound","","","","","-1","0","0","0","","""Ich habe versucht, zu fliehen. <STOP>Vom ersten Moment an, in dem ich begriff, dass ich in meinem eigenen Traum gefangen bin, habe ich nach einem Ausweg gesucht ... Aber ich glaube nicht, dass es einen gibt. <STOP>Ich meine, dies ist <FONT=ITALIC>mein</FONT> Traum, nicht wahr? Wenn es einen Ausweg gäbe, würde ich ihn kennen."""
"","","1","1","0","EID_9999_NoSound","","","","","-1","0","0","0","","Er hielt einen Moment inne, und seine Augen starrten ins Nichts.<PAGE>"
"","","1","1","0","EID_9999_NoSound","","","","","-1","0","0","0","","""Mein Dorf war wunderschön"", sagte er, an niemand Bestimmten gerichtet. ""Und es war voll von den wunderbarsten Menschen, die man sich vorstellen kann. <STOP>Aber als diese Seuche hier einfiel, haben sich die Dinge ... geändert. Es ist, als hätte jemand einen Schwamm genommen und alle Farben aus unseren Leben aufgesaugt. <STOP>Ich möchte einfach, dass wir wieder vollständig sind. Ich möchte, dass wir frei sind."" <STOP>""Und ich werde nicht aufgeben, bis das der Fall ist."""
"1028","1029","1","1","0","EID_9999_NoSound","","","","","-1","0","0","0","","<NIER> nickte zustimmend."
"","","1","1","0","EID_9999_NoSound","","","","","-1","0","0","0","","""Hm? Warte mal eine Sekunde. Ich habe nicht genickt ..."""
"","","1","1","0","EID_9999_NoSound","","","","","-1","0","0","0","","""Hört zu. Wenn wir irgendwie helfen können"", sagte <NIER>, ""dann gebt uns Bescheid."""
"","","1","1","0","EID_9999_NoSound","","","","","-1","0","0","0","","""Jetzt aber mal langsam! Das habe ich <FONT=ITALIC>nicht</FONT> gesagt!""<PAGE>"
"","","1","1","0","EID_9999_NoSound","","","","","-1","0","0","0","","""Ruhe!"", schrie Weiss."
"","","1","1","0","EID_9999_NoSound","","","","","-1","0","0","0","","Der Grimoire blickt von <NIER> zum Bürgermeister und wieder zurück. Sein Gesicht war mit Zuversicht erfüllt."
"","","1","1","0","EID_9999_NoSound","","","","","-1","0","0","0","","""Das Gesicht von Grimoire Weiss ist stets zuversichtlich, vielen herzlichen Dank! <STOP>Nun, schaut mal, Herr Bürgermeister. Ihr habt uns erzählt, dass nichts in diesem Traum existieren kann, von dem Ihr nichts wisst. <STOP>Aber dennoch schient Ihr überrascht zu sein, als wir hier ankamen, oder?""<PAGE>"
"1029","1030","1","1","0","EID_9999_NoSound","","","","","-1","0","0","0","","Der Bürgermeister hob langsam den Kopf, und es stand ihm ins Gesicht geschrieben, dass er zu einer neuen Erkenntnis gelangt war."
"","","1","1","0","EID_9999_NoSound","","","","","-1","0","0","0","","""Ach du meine Güte"", sagte er. ""Ihr habt recht. Ihr habt <FONT=ITALIC>recht</FONT>! Ich hatte keine Ahnung, dass ihr kommen würdet!"""
"","","1","1","0","EID_9999_NoSound","","","","","-1","0","0","0","","""Die menschliche Vorstellungskraft ist eine grenzenlose Maschine"", sagte Weiss, ""und Träume sind ihr Treibstoff. Wenn Ihr Euch einen Ausgang vorstellen könnt, dann existiert er auch. <STOP>Und mit Eurem Einvernehmen werden wir ihn suchen."""
"","","1","1","0","EID_9999_NoSound","","","","","-1","0","0","0","","""Vielen Dank"", sagte der Bürgermeister. ""Ich weiß nicht, wie ich das wiedergutmachen kann."""
"1030","1031","1","1","0","EID_9999_NoSound","","","","","-1","0","0","0","","""Eine Belohnung ist nicht notwendig. Wir sind ebenso begierig darauf, diesen Ort zu verlassen, wie Ihr."""
"","","1","1","0","EID_9999_NoSound","","","","","-1","0","0","0","","Plötzlich hatte der Bürgermeister das Gefühl, wieder atmen zu können. Fast hatte er vergessen, wie das war."
"","","1","1","0","EID_9999_NoSound","","","<CB=BGM_C_FOREST_FIELD_FO>","","-1","0","0","0","","""Viel Glück Euch beiden!"", rief er den schwindenden Umrissen von <NIER> und Weiss hinterher. ""Wir alle zählen auf Euch!""<PAGE>"
"","","1","1","0","EID_9999_NoSound","","","","","-1","0","0","0","","Als <NIER> langsam im nebligen Wald verschwand, hatte der Bürgermeister ein Déjà-vu."
"","","1","1","0","EID_9999_NoSound","","","","","-1","0","0","0","","<FONT=ITALIC>Ich habe diesen Mann schon einmal gesehen,</FONT> dachte er. <FONT=ITALIC>Doch wo nur ...?</FONT>"
"1031","1032","1","1","0","EID_9999_NoSound","","","<CB=BGM_EID_1500_a0020g_0010_01_FO>","","-1","0","0","0","","Die Stimmung von <NIER> verdunkelte sich, als sie durch den Wald stapften. <STOP>Stunden zuvor, als die Schönheit des Ortes noch neu und aufregend gewesen war, war er zuversichtlich gewesen, dass sie hineingehen, den Ausgang finden und rechtzeitig zum Abendessen wieder daheim sein könnten."
"","","1","1","0","EID_9999_NoSound","","","","","-1","0","0","0","","Aber je tiefer sie hineingingen, desto mehr schloss sich der Wald um sie herum. Der Nebel erschwerte es, mehr als einen halben Meter weit zu sehen, und moosbedeckte Steine schienen entschlossen, seine Knöchel zu verrenken. <STOP>Mehr als einmal sah er sich genötigt, sich an der rauen Rinde eines Baumes festzuhalten, und seine Hände hinterließen nun kleine Blutspuren an allem, was er anfasste.<PAGE>"
"","","1","1","0","EID_9999_NoSound","","","","","-1","0","0","0","","Es kam hinzu, dass Weiss sich als unglaublich schlechte Reisebegleitung herausstellte. Da er von Gelände und physischen Anstrengungen ungehindert vorankam, verbrachte er die meiste Zeit damit, <NIER> zu drängeln und über ihr langsames Vorankommen zu meckern.<PAGE>"
"","","1","1","0","EID_9999_NoSound","","","","","-1","0","0","0","","Schließlich, nachdem Weiss etwas über beinlose Schildkröten, die sich geschickter durch ihre Umgebung bewegten, murmelte, rastete <NIER> aus. <STOP>""Also gut, Weiss, jetzt halt mal den Mund! DU musst ja nicht laufen!""<PAGE>"
"1032","1033","1","1","0","EID_9999_NoSound","","","","","-1","0","0","0","","<NIER> lehnte sich gegen einen Baum und streckte seinen Rücken durch. ""Wie kann dieser dumme Wald nur so verdammt groß sein?"", murmelte er in sich hinein.<PAGE>"
"","","1","1","0","EID_9999_NoSound","","","","","-1","0","0","0","","In dem Moment, als die Worte seinen Mund verließen, erwachte eine Kakophonie von Insekten zum Leben. <STOP>Es ertönte jede nur denkbare Form von Surren, Klicken und Zischen in einer Lautstärke, die ihn mit den Zähnen klappern ließ."
"","","1","1","0","EID_9999_NoSound","","","","","-1","0","0","0","","<NIER> schlug die Hände über seine Ohren und schrie, um gehört zu werden. ""Weiss! Was ist hier los?"""
"","","1","1","0","EID_9999_NoSound","","","<CB=BGM_C_FOREST_FIELD_FO>","","-1","0","0","0","","<NIER> konnte sehen, wie sich Weiss' Mund bewegte, aber er hätte genauso gut in einen Tornado hineinrufen können. <STOP>Die Insekten kreischten. Der Wald heulte. <STOP>Und dann, als die Ohren von <NIER> kurz davor schienen, sich von seinem Kopf loszureißen und Deckung zu suchen, ließen die Geräusche plötzlich nach. <STOP>Zögerlich nahm er die Hand von seinem linken Ohr und lauschte den Kreaturen im Gehölz."
"1033","1034","1","1","0","EID_9999_NoSound","","","","","-1","0","0","0","","<FONT=ITALIC>Tsrii! Tsrii! Tsrii! Tsrii!</FONT>"
"","","1","1","0","EID_9999_NoSound","","","","","-1","0","0","0","","<FONT=ITALIC>Schak-k-k-k! Schak-k-k-k! Schak-k-k-k!</FONT>"
"","","1","1","0","EID_9999_NoSound","","","","","-1","0","0","0","","<FONT=ITALIC>Tschk-tschk-tchii! Tschk-tschk-tchii! Tschk-tschk-tchii!</FONT>"
"","","1","1","0","EID_9999_NoSound","","","","","-1","0","0","0","","<FONT=ITALIC>Wu-wu-wuuma! Wu-wu-wuuma!</FONT>"
"","","1","1","0","EID_9999_NoSound","","","","","-1","0","0","0","","<FONT=ITALIC>Schick schick schiiick! Schick schick! Schick schick schiiick!</FONT><PAGE>"
"","","1","1","0","EID_9999_NoSound","","","","","-1","0","0","0","","Als die Sinfonie der Insekten erneut leiser wurde, begann <NIER> ein Muster in den Klängen wahrzunehmen. <FONT=ITALIC>Das ist nicht zufällig,</FONT> dachte er. <FONT=ITALIC>Das ist nicht nur weißes Rauschen. Es ist ... etwas anderes.</FONT>"
"","","1","1","0","EID_9999_NoSound","","","<CB=BGM_EID_1500_a0020g_0010_02_FO>","","-1","0","0","0","","Die Insekten schrien nicht einfach nur, sie stellten eine Frage."
"1034","1035","1","1","0","EID_9999_NoSound","","","","","-1","0","0","0","","<FONT=ITALIC>Mit einem leidet es. Mit zweien ist es ideal.<LF>Mit dreien ist es gefährlich. Was ist es?</FONT>"
"","","1","1","0","EID_9999_NoSound","","","","","-1","0","0","0","","""Bei meinen Seiten! Ist das ein Rätsel?"""
"","","1","1","0","EID_9999_NoSound","","","","","-1","0","0","0","","""Das nehme ich an. Ich meine, das fühlt sich irgendwie erzwungen an, aber vielleicht ist das der Schlüssel zum Verlassen dieses Ortes."""
"","","1","1","0","EID_9999_NoSound","","","","","-1","0","0","0","","""Dann überlasse ich dir das Antworten!"""
"1035","","1","1","0","EID_9999_NoSound","","","","","-1","0","0","0","","<FONT=ITALIC>Mit einem leidet es. Mit zweien ist es ideal.<LF>Mit dreien ist es gefährlich. Was ist es?</FONT>"
"","","1","1","0","EID_9999_NoSound","","","","","-1","0","0","0","","<LIST=1038>""Die Antwort ist ... ein Geheimnis.""</LIST><LF><LIST=1036>""Die Antwort ist ... eine Frau.""</LIST><LF><LIST=1037>""Woher zur Hölle soll ich das wissen?!""</LIST>"
"1036","1034","1","1","0","EID_9999_NoSound","","","","","-1","0","0","0","","""Etwas, das mit zwei Leuten ideal, mit dreien aber gefährlich ist ..."""
"","","1","1","0","EID_9999_NoSound","","","","","-1","0","0","0","","""Ach! Eine Wippe!"""
"","","1","1","0","EID_9999_NoSound","","","","","-1","0","0","0","","Weiss' Mund öffnete sich, doch bevor er etwas sagen konnte, veränderte die Welt sich plötzlich.<PAGE>"
"","","1","1","0","EID_9999_NoSound","","","","","-1","0","0","0","","<FONT=ITALIC>Riin riiin waaaah! Riin riiin waaaah!</FONT>"
"","","1","1","0","EID_9999_NoSound","","","","","-1","0","0","0","","<FONT=ITALIC>Schick schick kii! Schick schick kiii!</FONT>"
"","","1","1","0","EID_9999_NoSound","","","","","-1","0","0","0","","Als <NIER> wieder zu sich kam, war er erneut vom Geräusch der Insekten umgeben."
"","","1","1","0","EID_9999_NoSound","","","","","-1","0","0","0","","Die Rufe der Insekten bildeten Wörter. Wörter, die er zuvor schon irgendwo gehört hatte ..."
"1037","1034","1","1","0","EID_9999_NoSound","","","","","-1","0","0","0","","""Woher zur Hölle soll ich das wissen?!"""
"","","1","1","0","EID_9999_NoSound","","","","","-1","0","0","0","","Weiss' Mund öffnete sich, doch bevor er etwas sagen konnte, veränderte die Welt sich plötzlich.<PAGE>"
"","","1","1","0","EID_9999_NoSound","","","","","-1","0","0","0","","<FONT=ITALIC>Riin riiin waaaah! Riin riiin waaaah!</FONT>"
"","","1","1","0","EID_9999_NoSound","","","","","-1","0","0","0","","<FONT=ITALIC>Schick schick kii! Schick schick kiii!</FONT>"
"","","1","1","0","EID_9999_NoSound","","","","","-1","0","0","0","","Als <NIER> wieder zu sich kam, war er erneut vom Geräusch der Insekten umgeben."
"","","1","1","0","EID_9999_NoSound","","","","","-1","0","0","0","","Die Rufe der Insekten bildeten Wörter. Wörter, die er zuvor schon irgendwo gehört hatte ..."
"1038","1039","1","1","0","EID_9999_NoSound","","","","","-1","0","0","0","","Er kochte innerlich vor Wut, da Weiss diese Aufgabe ihm überlassen hatte. Dann seufzte <NIER> und gab die einzige Antwort, die sinnvoll erschien."
"","","1","1","0","EID_9999_NoSound","","","","","-1","0","0","0","","""Es ist ein Geheimnis. <STOP>Äh, richtig?"""
"1039","1040","1","1","0","EID_9999_NoSound","","","<CB=BGM_C_FOREST_FIELD_FO>","","-1","0","0","0","","Die Geräusche der Insekten verstummten so plötzlich, wie sie begonnen hatten. Das Unterholz des Waldes teilte sich wie eine brechende Welle vor <NIER> und öffnete einen neuen Weg."
"","","1","1","0","EID_9999_NoSound","","","","","-1","0","0","0","","""Diese Wald-Arthropoden schaffen einen Weg für uns!"", sagte Weiss fröhlich."
"","","1","1","0","EID_9999_NoSound","","","","","-1","0","0","0","","Erfreut, den Test bestanden zu haben, schritt <NIER> mit neu gewonnener Stärke voran."
"","","1","1","0","EID_9999_NoSound","","","<CB=BGM_EID_1500_a0020g_0010_01_FO>","","-1","0","0","0","","Der Weg war eine willkommene Abwechslung zum Dickicht, und sorgte bei ihm sogar für Frohsinn. Solange sie auf dem Weg waren, hatte ihre Reise einen Sinn."
"","","1","1","0","EID_9999_NoSound","","","","","-1","0","0","0","","""Ich nehme an, der Wald hat uns akzeptiert, wie?"", sagte <NIER> nach einer Weile."
"","","1","1","0","EID_9999_NoSound","","","","","-1","0","0","0","","Weiss wirbelte herum, um seinen Gefährten anzublicken."
"","","1","1","0","EID_9999_NoSound","","","","","-1","0","0","0","","""Mach nicht den Fehler, diesen Wald für ein kleines Haustier zu halten, das plötzlich dein Freund werden kann! Wir haben keine Ahnung, wohin uns dieser Weg führt."""
"1040","1041","1","1","0","EID_9999_NoSound","","","","","-1","0","0","0","","Kaum hatte Weiss zu Ende gesprochen, kamen die beiden um eine Wegbiegung und standen einer klaren Waldquelle gegenüber. Lächelnd hob <NIER> einen kleinen Stein auf und ließ ihn über die Wasseroberfläche springen."
"","","1","1","0","EID_9999_NoSound","","","","","-1","0","0","0","","""Gütiger Himmel ..."", sagte Weiss."
"","","1","1","0","EID_9999_NoSound","","","","","-1","0","0","0","","Sein Erstaunen war verständlich. Jedes Mal, wenn der Stein die Wasseroberfläche berührte, erklang ein Ton. <STOP>Als der Stein schließlich zur Ruhe kam und zum Boden der Quelle sank, kamen die Wellen, die er zurückließ, zusammen und formten Worte."
"1041","","1","1","0","EID_9999_NoSound","","","<CB=BGM_EID_1500_a0020g_0010_02>","","-1","0","0","0","","<FONT=ITALIC>Ich komme durchs Fenster, aber ich zerbreche kein Glas.<LF>Wenn die Nacht anbricht, verschwinde ich. Was bin ich?</FONT>"
"","","1","1","0","EID_9999_NoSound","","","","","-1","0","0","0","","""Lächerlich einfach!"", bellte Weiss. ""Nun antworte schon."""
"","","1","1","0","EID_9999_NoSound","","","","","-1","0","0","0","","<NIER> knirschte mit den Zähnen und musste sich zurückzuhalten, seinen Gefährten nicht zu erwürgen. <FONT=ITALIC>Immerhin hatte er recht. Dieses Rätsel war ziemlich einfach.</FONT>"
"","","1","1","0","EID_9999_NoSound","","","","","-1","0","0","0","","<FONT=ITALIC>Ich komme durchs Fenster, aber ich zerbreche kein Glas.<LF>Wenn die Nacht anbricht, verschwinde ich. Was bin ich?</FONT><LF>"
"","","1","1","0","EID_9999_NoSound","","","","","-1","0","0","0","","<LIST=1042>""Ein Vogel!""</LIST><LF><LIST=1043>""Ein Brief!""</LIST><LF><LIST=1044>""Sonnenlicht!""</LIST>"
"1042","1041","1","1","0","EID_9999_NoSound","","","","","-1","0","0","0","","""Ein Vogel!"""
"","","1","1","0","EID_9999_NoSound","","","","","-1","0","0","0","","Weiss gab ein tiefes Ächzen von sich und fiel mit einem dumpfen Schlag zu Boden."
"","","1","1","0","EID_9999_NoSound","","","","","-1","0","0","0","","""Nicht einmal <FONT=ITALIC>deine</FONT> Dummheit kann so abgrundtief sein!"""
"","","1","1","0","EID_9999_NoSound","","","","","-1","0","0","0","","""Ich nehme an, du hast recht"", sagte <NIER>. ""Das ergibt keinen Sinn, oder?"""
"1043","1041","1","1","0","EID_9999_NoSound","","","","","-1","0","0","0","","""Ein Brief!"""
"","","1","1","0","EID_9999_NoSound","","","","","-1","0","0","0","","""In der Tat"", sagte Weiss. ""Ich bin ziemlich genervt von Briefen, denen Beine wachsen, damit sie mitten in der Nacht aus meinem Zimmer fliehen können."""
"","","1","1","0","EID_9999_NoSound","","","","","-1","0","0","0","","""... Mist. Ja, das ergibt keinen Sinn, oder?"""
"","","1","1","0","EID_9999_NoSound","","","","","-1","0","0","0","","Weiss wandte sich von <NIER> ab ließ traurig seine Seiten flattern."
"","","1","1","0","EID_9999_NoSound","","","","","-1","0","0","0","","""Vielleicht hätte doch <FONT=ITALIC>ich</FONT> diese Herausforderung annehmen sollen."""
"1044","1045","1","1","0","EID_9999_NoSound","","","","","-1","0","0","0","","""Sonnenlicht!"""
"","","1","1","0","EID_9999_NoSound","","","<CB=BGM_EID_1500_a0020g_0010_01>","","-1","0","0","0","","Eine Wasserfontäne schoss plötzlich aus der Quelle. Das Sonnenlicht drang durch die Bäume, wurde von dem Wasser reflektiert und erzeugte einen schimmernden Regenbogen, der sich über den gesamten Horizont erstreckte."
"","","1","1","0","EID_9999_NoSound","","","","","-1","0","0","0","","""In all den Jahren"", sagte Weiss sanft, ""habe ich nie einen solchen Anblick erlebt."""
"","","1","1","0","EID_9999_NoSound","","","","","-1","0","0","0","","""Vielleicht habe ich die Absichten dieses Ortes missverstanden ...""<PAGE>"
"","","1","1","0","EID_9999_NoSound","","","","","-1","0","0","0","","""Hey, sieh mal!"", rief <NIER> und erweckte Weiss aus seiner Geistesabwesenheit. ""Da drüben ist ein Haus oder so."""
"","","1","1","0","EID_9999_NoSound","","","","","-1","0","0","0","","Als er zur ausgestreckten Hand seines Freundes blickte, sah Weiss eine kleine Hütte zwischen den Bäumen."
"1045","1046","1","1","0","EID_9999_NoSound","","","","","-1","0","0","0","","""Das ist seltsam, oder, Weiss? Ich meine, wer würde so weit hier draußen ein Haus bauen?"""
"","","1","1","0","EID_9999_NoSound","","","","","-1","0","0","0","","<NIER> ging hinüber und klopfte an die Tür. Nach einer Minute kräftigen Hämmerns, öffnete sich die Tür und ein kleiner Mann spähte hinaus. Sein Körper war vom Nacken bis zu den Zehen in einen großen schwarzen Umhang gehüllt, während sein Gesicht von Nebel verdunkelt wurde.<PAGE>"
"","","1","1","0","EID_9999_NoSound","","","","","-1","0","0","0","","""Ähm ..."", begann <NIER>. Doch bevor er weiterreden konnte, hielt der eingehüllte Mann eine Hand hoch und fing an zu sprechen."
"","","1","1","0","EID_9999_NoSound","","","<CB=BGM_EID_1500_a0020g_0010_03>","","-1","0","0","0","","<FONT=ITALIC>Ich habe morgens vier Beine und mittags zwei, aber ich beende den Abend mit dreien. Was bin ich?</FONT>"
"","","1","1","0","EID_9999_NoSound","","","","","-1","0","0","0","","<NIER> fragte den Mann im Mantel, wer er sei und was er dort mache, aber der wiederholte seine Frage einfach."
"","","1","1","0","EID_9999_NoSound","","","","","-1","0","0","0","","""Wenn wir uns mit diesem Mann unterhalten wollen"", sagte Weiss, ""müssen wir anscheinend sein Rätsel lösen."""
"","","1","1","0","EID_9999_NoSound","","","","","-1","0","0","0","","""Ja, wahrscheinlich"", sagte <NIER>. ""Nun, immerhin ist es einfach."""
"1046","","1","1","0","EID_9999_NoSound","","","","","-1","0","0","0","","<FONT=ITALIC>Ich habe morgens vier Beine und mittags zwei, aber ich beende den Abend mit dreien. Was bin ich?</FONT><LF>"
"","","1","1","0","EID_9999_NoSound","","","","","-1","0","0","0","","<LIST=1049>""Ein Mensch.""</LIST><LF><LIST=1047>""Ein Dämon.""</LIST><LF><LIST=1048>""Ein Engel.""</LIST>"
"1047","1046","1","1","0","EID_9999_NoSound","","","","","-1","0","0","0","","""Ein Dämon."""
"","","1","1","0","EID_9999_NoSound","","","","","-1","0","0","0","","Kaum waren die Worte ausgesprochen, begann der Wald um sie herum zu wirbeln. <STOP>Blätter wurden braun und fielen zu Boden. Zweige verwelkten und starben ab. Das hohe grüne Gras verwandelte sich in dunkle Asche."
"","","1","1","0","EID_9999_NoSound","","","","","-1","0","0","0","","Plötzlich erschien ein gewaltiger Dämon vor <NIER> und ließ ein noch gewaltigeres Brüllen ertönen."
"","","1","1","0","EID_9999_NoSound","","","","","-1","0","0","0","","""Falsch! Versuch es noch mal!"""
"1048","1046","1","1","0","EID_9999_NoSound","","","","","-1","0","0","0","","""Ein Engel."""
"","","1","1","0","EID_9999_NoSound","","","","","-1","0","0","0","","Nachdem die Worte ausgesprochen waren, war <NIER> plötzlich mit Schnee aus absolut weißen Federn bedeckt."
"","","1","1","0","EID_9999_NoSound","","","","","-1","0","0","0","","Ein sanftes, warmes Gefühl kroch an seinem Rücken hoch, als eine Kreatur unvorstellbarer Schönheit schillernd erschien."
"","","1","1","0","EID_9999_NoSound","","","","","-1","0","0","0","","<NIER> konnte die Tränen nicht zurückhalten, als er die Stimme des Wesens erklingen hörte."
"","","1","1","0","EID_9999_NoSound","","","","","-1","0","0","0","","""Ihr liegt falsch. Bitte trefft eine andere Wahl."""
"1049","1050","1","1","0","EID_9999_NoSound","","","","","-1","0","0","0","","""Ein Mensch."""
"1050","1051","1","1","0","EID_9999_NoSound","","","<CB=BGM_EID_1500_a0020g_0010_01>","","-1","0","0","0","","Der Nebel um den Mann im Mantel löste sich auf, als er ein einziges Wort sprach:"
"","","1","1","0","EID_9999_NoSound","","","","","-1","0","0","0","","""Korrekt."""
"","","1","1","0","EID_9999_NoSound","","","","","-1","0","0","0","","Damit warf der Mann seinen Mantel zur Seite und enthüllte seine wahre Identität."
"","","1","1","0","EID_9999_NoSound","","","","","-1","0","0","0","","""I-Ihr seid der Bürgermeister"", rief <NIER>."
"","","1","1","0","EID_9999_NoSound","","","","","-1","0","0","0","","Langsam schüttelte der kleine Mann den Kopf."
"","","1","1","0","EID_9999_NoSound","","","","","-1","0","0","0","","""Ich bin nicht der Bürgermeister, den Ihr kennt. Nun lauscht meinen Worten: <STOP>Vor langer Zeit sah ich eine Version von Euch, die nicht Ihr selbst wart."""
"","","1","1","0","EID_9999_NoSound","","","","","-1","0","0","0","","""Äh, bitte? Was soll das bedeuten?"""
"","","1","1","0","EID_9999_NoSound","","","","","-1","0","0","0","","""Es wird beizeiten Sinn ergeben. Im Moment gratuliere ich Euch einfach dazu, das Siegel des Todestraums gebrochen zu haben. Nun müsst Ihr zu dem Mann am Eingang des Waldes gehen."""
"1051","1052","1","1","0","EID_9999_NoSound","","","","","-1","0","0","0","","Und damit drehte der Mann sich auf der Stelle um und knallte die Tür hinter sich zu. Während <NIER> zusah, stieg Nebel aus dem Boden auf und hüllte die Hütte ein, wodurch sie aus der Existenz verschwand."
"1052","1053","1","1","0","EID_9999_NoSound","","","","","-1","0","0","0","","Als <NIER> und Weiss zum Eingang des Waldes zurückkehrten, fanden sie den Bürgermeister an einen Baum gelehnt vor. <STOP>Kaum sah er die beiden, sprang er auf und lief zu ihnen."
"","","1","1","0","EID_9999_NoSound","","","","","-1","0","0","0","","""Du meine Güte!"", rief er. ""Ihr habt es geschafft! Ihr habt es tatsächlich zurückgeschafft!"""
"","","1","1","0","EID_9999_NoSound","","","","","-1","0","0","0","","Mit der linken Hand ergriff er die Hand von <NIER> und schüttelte sie so wild, dass er beinahe den Arm abriss. Mit der rechten Hand fasste er Weiss an seinem Einband und wirbelte ihn durch die Luft.<PAGE>"
"","","1","1","0","EID_9999_NoSound","","","","","-1","0","0","0","","""Argh! Um Himmels Willen, hört auf, mich zu schütteln, Dummkopf! Wir haben Euch noch nicht einmal erzählt, ob wir erfolgreich waren oder nicht!"""
"","","1","1","0","EID_9999_NoSound","","","","","-1","0","0","0","","Der Bürgermeister lächelte breit und schüttelte den Kopf."
"","","1","1","0","EID_9999_NoSound","","","","","-1","0","0","0","","""Ich freue mich einfach, dass Ihr am Leben seid. Ich hätte nicht gedacht, Euch jemals wiederzusehen."""
"","","1","1","0","EID_9999_NoSound","","","","","-1","0","0","0","","<NIER> entzog sich dem wilden Handschütteln des Bürgermeisters mit einem leichten Lächeln."
"","","1","1","0","EID_9999_NoSound","","","","","-1","0","0","0","","""Wir haben das Siegel des Todestraums gebrochen"", sagte er. ""Zumindest glaube ich das.""<PAGE>"
"","","1","1","0","EID_9999_NoSound","","","","","-1","0","0","0","","Das Gesicht des Bürgermeisters strahlte, als <NIER> ihm die Einzelheiten berichtete."
"","","1","1","0","EID_9999_NoSound","","","","","-1","0","0","0","","Als die Geschichte zu Ende ging, legten sich die drei auf dem Waldboden nieder und schliefen ein."
"1053","1054","1","1","0","EID_9999_NoSound","","","","","-1","0","0","0","","<NIER> legte seinen Kopf schief."
"1054","1055","1","1","0","EID_9999_NoSound","","","","","-1","0","0","0","","""In Ordnung, einen Moment mal. Das ist verrückt! Warum sollten wir uns einfach hinlegen und schlafen?!"""
"","","1","1","0","EID_9999_NoSound","","","","","-1","0","0","0","","""Nun gib schon dein endloses Geplapper auf und leg dich schlafen, Dummkopf! Es ist zwecklos, gegen die Regeln dieses Ortes zu kämpfen."""
"","","1","1","0","EID_9999_NoSound","","","","","-1","0","0","0","","<NIER> und der Bürgermeister legten sich gehorsam auf Gras und Erde nieder."
"","","1","1","0","EID_9999_NoSound","","","","","-1","0","0","0","","""Hast du schon vergessen?"", fuhr Weiss fort. ""Es sind Worte, die den Todestraum kontrollieren. Worte, die uns erlauben, von einem Ort zum anderen zu reisen. <STOP>Egal, wie unnatürlich sie auch scheinen, sie gelten uneingeschränkt. Wenn uns die Worte also befehlen, zu schlafen, dann sollten wir das tun. <STOP>Und sobald wir das tun, geht die Geschichte weiter."""
"1055","","1","1","0","EID_9999_NoSound","","","","","-1","0","0","0","","Damit fielen ihnen die Augen zu, und ihr Atem wurde ganz ruhig."
"","","1","1","0","EID_9999_NoSound","","","","","-1","0","0","0","","""Das ist das erste Mal ..."", begann der Bürgermeister. ""Das erste Mal, dass ich mich müde fühle ... seit ich hier ... eingesperrt wurde ..."""
"","","1","1","0","EID_9999_NoSound","","","","","-1","0","0","0","","Seine Worte wurden von einem langen, lauten Gähnen unterbrochen, und er erinnerte sich an nichts weiter.<PAGE>"
"","","1","1","0","EID_9999_NoSound","","","","<CB=BG_AND_ENV_FADE_IN><LF><CB=CHANGE_WINDOW_SIZE,2,1362,1056>","-1","0","0","0","","Sie mögen für eine Stunde geschlafen haben oder für ein Jahr. <STOP>Als sie aufwachten, wirkte die Welt um sie herum realer. Der Nebel war dichter, die Blätter grüner ... Sie waren offensichtlich aus ihrem Traum erwacht."
"1056","1057","1","1","0","EID_9999_NoSound","","","<CB=SET_ACTOR_PAUSE_ON,1362>","","-1","0","0","0","","<NIER> schüttelte sanft die Schulter des Bürgermeisters. ""Gute Neuigkeiten"", sagte er. ""Ich glaube, wir haben es geschafft."""
"","","1","1","0","EID_9999_NoSound","","","","","-1","0","0","0","","""Oh, oha"", sagte der Bürgermeister mit erstaunter Stimme. ""Wir haben es geschafft. Ich bin zurück."" Er blinzelte ein paar Mal ungläubig, als könnte er den Anblick vor sich nicht begreifen."
"","","1","1","0","EID_9999_NoSound","","","","","-1","0","0","0","","""Ihr habt keine Ahnung, wie viel das bedeutet.""<PAGE>"
"","","1","1","0","EID_9999_NoSound","","","","","-1","0","0","0","","""Der Todestraum begann sich in unserem Dorf zu verbreiten, und ich wollte ... Na ja, ich dachte, ich könnte herausfinden, wie man ihn aufhält, aber ich nehme an, dem war nicht so. Ich muss mir die Seuche eingefangen haben und in meinem eigenen Traum gefangen worden sein."""
"","","1","1","0","EID_9999_NoSound","","","","","-1","0","0","0","","Der Bürgermeister versuchte aufzustehen und fiel dann wieder zu Boden. Er starrte seine Beine an, als würde er versuchen, sich zu erinnern, wie sie funktionierten, warf <NIER> dann einen Blick zu und zuckte mit den Schultern. <STOP>Wortlos streckte dieser ihm die Hand entgegen und zog den Bürgermeister auf die Füße."
"","","1","1","0","EID_9999_NoSound","","","","","-1","0","0","0","","""Das echte Leben ist vermutlich etwas gewöhnungsbedürftig"", sagte der Bürgermeister, während ein gezwungenes Lächeln sich in seinem Gesicht breitmachte.<PAGE>"
"","","1","1","0","EID_9999_NoSound","","","","","-1","0","0","0","","""Das werdet ihr bestimmt schon bald wieder erlernen"", sagte Weiss. ""Fürs Erste solltet Ihr nach Hause zurückkehren und Euch ausruhen."""
"","","1","1","0","EID_9999_NoSound","","","","","-1","0","0","0","","""Nein"", sagte der Bürgermeister, auf unsicheren Füßen schwankend. ""Nein, das kann ich nicht."""
"1057","1058","1","1","0","EID_9999_NoSound","","","","","-1","0","0","0","","""Einige der Dorfbewohner sind noch immer im Todestraum gefangen. Ich muss sie retten."""
"","","1","1","0","EID_9999_NoSound","","","","","-1","0","0","0","","Langsam bahnte der Bürgermeister sich seinen Weg zum Heiligen Baum in der Mitte des Dorfs. Dann verneigte er sich und betete still."
"","","1","1","0","EID_9999_NoSound","","","","","-1","0","0","0","","""Dies ist ein heiliger Baum"", erklärte er nach dem Gebet. ""Er ist der Wächter der Geschichte unseres Dorfes ... und der Erinnerungen."""
"","","1","1","0","EID_9999_NoSound","","","","","-1","0","0","0","","""Aberglaube wird unsere Mission nur erschweren"", murrte Weiss. ""Wir sollten nicht auf die Götter vertrauen."""
"","","1","1","0","EID_9999_NoSound","","","","","-1","0","0","0","","Der Bürgermeister schüttelte den Kopf. ""Nicht die Götter, sondern die Worte. Die Legende besagt, dass unser Baum eine mächtige Magie birgt, die als Versiegelter Vers bekannt ist."""
"","","1","1","0","EID_9999_NoSound","","","","","-1","0","0","0","","<NIER> und Weiss konnten ihre Überraschung nicht zurückhalten. Es schien, als hätten sie ein Ziel an einem Ort gefunden, an dem sie es am wenigsten erwartet hatten.<PAGE>"
"","","1","1","0","EID_9999_NoSound","","","","","-1","0","0","0","","""Ach was"", murmelte Weiss, ""das ist definitiv ein Glücksfall."""
"","","1","1","0","EID_9999_NoSound","","","","","-1","0","0","0","","Als die drei sich voneinander verabschiedeten, erwähnte <NIER> den seltsamen Mann, der ihnen das dritte Rätsel aufgab sowie die merkwürdigen Worte, die er ihnen mit auf den Weg gegeben hatte."
"1058","","1","1","0","EID_9999_NoSound","","","","","-1","0","0","0","","""Einst sah ich eine Version von Euch, die nicht Ihr selbst wart?"", murmelte der Bürgermeister. ""Was um alles in der Welt soll das bedeuten?"""
"","","1","1","0","EID_9999_NoSound","","","","","-1","0","0","0","","Völlig in Gedanken verloren blickte er eine Weile ins Leere."
"","","1","1","0","EID_9999_NoSound","","","","","-1","0","0","0","","""Wisst Ihr"", sagte er sanft. ""Es mag vielleicht komisch klingen, aber ich hatte auch das Gefühl, Euch schon einmal gesehen zu haben."""
"","","1","1","0","EID_9999_NoSound","","","","","-1","0","0","0","","<NIER> versuchte, keine Miene zu verziehen und versagte dabei, aber der Bürgermeister schien das nicht zu bemerken."
"","","1","1","0","EID_9999_NoSound","","","","","-1","0","0","0","","""Déjà-vu, nicht wahr? Wie auch immer, ich nehme an, es ist eine Art Illusion, erzeugt vom Todestraum. Wahrscheinlich ist es bedeutungslos."""
"","","1","1","0","EID_9999_NoSound","","","","","-1","0","0","0","","<NIER> nickte dem Bürgermeister mit einem Lächeln zu, aber in seinem Inneren überschlugen sich die Gedanken. <STOP><FONT=ITALIC>Irgendwas stimmte mit dem Bürgermeister und seinen Worten nicht.</FONT> <STOP><FONT=ITALIC>Was genau geht hier vor ...?</FONT>"
"","","1","1","0","EID_9999_NoSound","","","","<CB=BGM_C_FOREST_FIELD_01><LF><CB=LIB_SET_OPEN_2D_GAUGE_FAST><LF><CB=CHANGE_WINDOW_SIZE2,0,1362,1005>","-1","0","0","0","","Dieses Rätsel sollte sich als das Schwierigste von allen herausstellen."
"1059","1060","1","1","0","EID_9999_NoSound","","","<CB=BGM_EID_1500_a0108_01><LF><CB=SET_ACTOR_PAUSE_ON,1363>","","-1","0","0","0","","Ich atme Luft mit Todesgeruch und widerstehe dem Drang, zu lachen, denn ich würde wie ein Verrückter klingen. Wie lange bin ich schon in dieser Hölle? <LF><STOP>Mein Gefängnis ist unter einer Treppe in den seit langem ungenutzten Katakomben einer Burg versteckt. Draußen ertönen Grabgesänge, die kein Ende nehmen. <STOP>Für Licht gibt es hier keinen Platz. Wind ist ein in Vergessenheit geratener Freund. Ich bete, dass der Tod mich holen möge, aber er lässt mich im Stich. <STOP>Zeit verstreicht. Eine Ewigkeit vergeht mit einem einzelnen Ticken der Uhr.<PAGE>"
"","","1","1","0","EID_9999_NoSound","","","","","-1","0","0","0","","Jemand klopft an mein Gefängnis!"
"1060","1061","1","1","0","EID_9999_NoSound","","","","","-1","0","0","0","","""Ist da jemand?"", höre ich eine unbekannte Stimme sagen."
"","","1","1","0","EID_9999_NoSound","","","","","-1","0","0","0","","Mein Retter! <STOP>Ich kratze an der Tür meines Gefängnisses, und dicke Splitter bohren sich unter meine geschundenen Nägel. Ich schreie um Hilfe, ich lache, ich schluchze. Das muss ein Produkt meines verwirrten Geistes sein! Das kann nicht wahr sein!"
"","","1","1","0","EID_9999_NoSound","","","","","-1","0","0","0","","""Hilfe!"", rufe ich. ""Um der Götter Willen, helft mir!""<PAGE>"
"","","1","1","0","EID_9999_NoSound","","","","","-1","0","0","0","","Unglaublich. Ich höre das Geräusch eines Schlosses, das geöffnet wird und zu Boden fällt. <STOP>Als sich die Tür langsam öffnet, habe ich gerade genug Zeit, einen Mann mit silbernem Haar und ein schwebendes Buch zu erkennen, bevor das Licht ins Innere vordringt. Meine Augen, gewöhnt an die Dunkelheit, explodieren vor Schmerz und ich bin gezwungen, mich abzuwenden.<PAGE>"
"","","1","1","0","EID_9999_NoSound","","","","","-1","0","0","0","","""Wer seid ihr?"", frage ich und schüttele Hände, während ich mein Gesicht bedecke. ""Wie seid ihr hierhergekommen?"""
"","","1","1","0","EID_9999_NoSound","","","","","-1","0","0","0","","""Ich bin Grimoire Weiss. Das ist <NIER>. Lange haben wir Euch gesucht. <STOP>Nun kommt. Steht auf. Wir werden gemeinsam aus diesem Albtraum erwachen."""
"1061","","1","1","0","EID_9999_NoSound","","","","","-1","0","0","0","","Die Person namens <NIER> streckt ihre gewaltige Hand aus und zieht mich aus der Zelle. <STOP>Obwohl sich meine Augen nur langsam an die Freiheit gewöhnen, sind meine Ohren hellwach und registrieren den Klang von starkem Regen."
"","","1","1","0","EID_9999_NoSound","","","","","-1","0","0","0","","""Ich hätte nicht gedacht, jemals wieder den Regen zu hören"", flüstere ich."
"","","1","1","0","EID_9999_NoSound","","","","","-1","0","0","0","","""Wenn es doch nur nicht ein solch furchtbarer Sturm wäre"", sagte Grimoire Weiss. ""Schaut mal zu Boden.""<PAGE>"
"","","1","1","0","EID_9999_NoSound","","","","","-1","0","0","0","","Ich öffne mit Gewalt meine Augen und sehe meine Knöchel in Wasser stehen, das auch gegen meine Schienbeine schwappt."
"","","1","1","0","EID_9999_NoSound","","","","","-1","0","0","0","","""Es ist so viel ..."""
"","","1","1","1","EID_9999_NoSound","","","","","-1","0","0","0","","""Ja, und es wird mit jedem Moment, den wir zögern, mehr. Wenn wir nicht fliehen, werden wir alle in dieser Burg ertrinken. <STOP>Wir wissen, dass Ihr schwach seid, aber Ihr seid unsere einzige Hoffnung, diesen Ort zu überleben."""
"","","1","1","0","EID_9999_NoSound","","","","","-1","0","0","0","","Zeit, dieser lange vergessene Freund, machte sich wieder einmal bemerkbar. Ich nickte und schwor, meine Erlöser zu retten – koste es, was es wolle.<PAGE>"
"","","1","1","0","EID_9999_NoSound","","","<CB=BGM_EID_1500_a0108_02>","<CB=Labyrinth_Init><LF><CB=Labyrinth_Event>","-1","0","0","0","","Die Katakomben der Burg sind ein Labyrinth. Sie winden sich umeinander wie die endlosen Eingeweide eines Riesen."
"1062","1081","1","1","0","EID_9999_NoSound","","","","","-1","0","0","0","","Am Ende des Korridors ..."
"","","1","1","0","EID_9999_NoSound","","","","","-1","0","0","0","","... stoße ich auf eine Reihe von zwanzig Baldachinbetten auf einem Teppich aus Samt. Sie alle sind von einer dicken Schicht aus Staub und Spinnweben bedeckt.<PAGE>"
"","","1","1","0","EID_9999_NoSound","","","","","-1","0","0","0","","Auf der Suche nach der Tür zum nächsten Raum stoße ich auf eine formlose Masse aus grauer Substanz. Sie wurde an die Seite der Mauer gedrückt, und trotz meines Fiebers meine ich, direkt dahinter die Umrisse einer Tür zu erkennen. <STOP>Als ich einen Finger ausstrecke und einen Teil der Substanz berühre, zerfällt diese zu Staub und wird vom Wind verweht. <STOP>Die Erkenntnis überkommt mich langsam, und ich falle auf die Knie und weine."
"","","1","1","0","EID_9999_NoSound","","","","","-1","0","0","0","","... Leichen. Ich befinde mich vor einem Berg aus verkohlten und verwesenden Leichen."
"","","1","1","0","EID_9999_NoSound","","","","","-1","0","0","0","","Ich schaue von dort zu den Betten und wieder zurück – bis ich das Grauen vollends realisiere: <STOP>Jemand hat die Körper zu einem Turm aufgehäuft und dann in Brand gesteckt. <STOP>Ob sie am Leben oder tot waren, weiß ich nicht – und mein Verstand erlaubt es mir nicht, weiter darüber nachzudenken."
"","","1","1","0","EID_9999_NoSound","","","","","-1","0","0","0","","Ich stoße ein Geräusch aus. Ob es ein Schrei oder ein Lachen ist, vermag ich nicht genau zu sagen. Dann gewährt mir mein Verstand eine gnädige Umnachtung, und ich öffne die Tür, lasse diesen schlimmsten aller Räume hinter mir."
"1063","1064","1","1","0","EID_9999_NoSound","","","","","-1","0","0","0","","Am Ende des Weges ..."
"","","1","1","0","EID_9999_NoSound","","","","","-1","0","0","0","","... liegt eine Reihe schwerer Holzfässer in einer dunklen Kammer auf der Seite. Zweifelsohne sind diese mit Wein gefüllt."
"","","1","1","0","EID_9999_NoSound","","","","","-1","0","0","0","","Mein Durst erwacht zum Leben. Ich kann mich nicht daran erinnern, wann meine ausgedörrte Kehle zuletzt Linderung fand."
"","","1","1","0","EID_9999_NoSound","","","","","-1","0","0","0","","Ich krieche zum ersten Fass und ziehe hektisch am Korken. <STOP><FONT=ITALIC>Der Diebstahl von ein paar Bechern wird schon nicht so schlimm sein</FONT>, sage ich zu mir selbst. <FONT=ITALIC>Die Fässer werden ohnehin von der Flut ruiniert werden.</FONT> <STOP>Schließlich gibt der Korken meinem Verlangen nach und eine dicke rote Flüssigkeit strömt aus dem Loch."
"","","1","1","0","EID_9999_NoSound","","","<CB=BGM_C_FOREST_FIELD_FO>","","-1","0","0","0","","Dies ist kein Wein: Es ist Blut, noch immer körperwarm! Ob von einem Tier oder ... etwas anderem, vermag ich nicht zu sagen."
"","","1","1","0","EID_9999_NoSound","","","","","-1","0","0","0","","Die widerliche Flüssigkeit vermischt sich schon bald mit den steigenden Fluten und erzeugt eine Wärme, die sich um meine Beine legt.<PAGE>"
"","","1","1","0","EID_9999_NoSound","","","","","-1","0","0","0","","Bei allen Göttern! Sind die übrigen Fässer auch mit Blut gefüllt?"
"1064","1077","1","1","0","EID_9999_NoSound","","","","","-1","0","0","0","","Ich bringe nicht den Mut auf, meinen Verdacht zu bestätigen. Ekel wird schnell zu Furcht, als ich mich zur Flucht umdrehe. Aber meine geschwächten Beine lassen mich im Stich, und ich stürze in das rote Meer unter mir."
"","","1","1","0","EID_9999_NoSound","","","","","-1","0","0","0","","Der Geruch des Todes ist überall. Er droht mich zu verschlingen. Ich muss dieser Hölle entkommen!"
"","","1","1","0","EID_9999_NoSound","","","<CB=BGM_EID_1500_a0108_03>","","-1","0","0","0","","Wie ein Tier auf allen Vieren kriechend, halte ich Schreie zurück, damit nichts Widerwärtiges in meinen Mund gelangt. Ich schwimme durch das rote Wasser vorwärts aus dem Raum und in die Freiheit."
"1065","1066","1","1","0","EID_9999_NoSound","","","","","-1","0","0","0","","Am Ende des Weges ..."
"1066","1067","1","1","0","EID_9999_NoSound","","","","","-1","0","0","0","","... gelange ich in eine Halle, in der mich nur der Klang des Regens beruhigt. Der nasse rote<LF>Teppich schmatzt unter meinen Füßen, während ich mich der Mitte des Raumes nähere. Dort<LF>erblicke ich einen prächtigen Esstisch, auf dem sich sowohl feinstes Porzellan und Besteck<LF>als auch die Reste eines Festmahls befinden. Dann sehe ich zahlreiche Stühle am Tisch, in<LF>jedem davon ein Gast.<LF><LF>Ich bemerke eine Bewegung und nähere mich dem Stuhl am Kopfende des Tisches. Aber als ich<LF>begreife, was los ist, springe ich vor Grauen zurück. Der Gastgeber ist eine Leiche, genau<LF>wie seine Gäste. Eine Armee von widerlichen, zappelnden Insekten hat sich in ihren Überresten<LF>eingenistet und das ist die Bewegung, die ich sah."
"1067","1079","1","1","0","EID_9999_NoSound","","","","","-1","0","0","0","","Dieses einst herrliche Festmahl war nun nichts weiter als eine Totenmesse für die Verdammten.<PAGE>"
"","","1","1","0","EID_9999_NoSound","","","","","-1","0","0","0","","Ich brauche einen Moment, um mich zu beruhigen, und entferne mich dann langsam vom Tisch. <STOP>Bemüht, mich dem abscheulichen Anblick zu entziehen, sehe ich die Stühle, auf denen die Toten platziert wurden. <STOP>Ein Fehler – der Anblick ist noch grausamer als das Festmahl selbst."
"","","1","1","0","EID_9999_NoSound","","","","","-1","0","0","0","","Jeder von ihnen ist mit einer Reihe von Spitzen besetzt, die sich von der Sitzfläche über die Rückenlehne bis hinunter zu den Armlehnen erstrecken. <STOP>Das erklärt die Farbe des Teppichs unter meinen Füßen. Ich kann nur hoffen, dass die armen Gäste bereits tot waren, als das Mahl begann!"
"","","1","1","0","EID_9999_NoSound","","","","","-1","0","0","0","","Andernfalls ist es ein Leichtes, sich die Todesschreie vorzustellen, die aus ihren Mündern entwichen sein müssen."
"","","1","1","0","EID_9999_NoSound","","","","","-1","0","0","0","","Mein Verstand klammert sich verzweifelt an die Möglichkeit, dass diese Seelen ein furchtbares Verbrechen begangen hatten, für das dies hier ihre Strafe war.<STOP><LF>Allerdings nehme ich an, dass sie in Wahrheit keinerlei Verbrechen begangen haben."
"","","1","1","0","EID_9999_NoSound","","","","","-1","0","0","0","","Es würde kein Morgen geben für diese Unglücklichen. Dies war ihr letztes Abendmahl."
"1068","1069","1","1","0","EID_9999_NoSound","","","","","-1","0","0","0","","Am Ende des Weges ..."
"","","1","1","0","EID_9999_NoSound","","","","","-1","0","0","0","","... steht mir das Wasser bis zur Hüfte und erschöpft mich körperlich und geistig. Ich bete, dass dies der Weg nach draußen ist.<PAGE>"
"","","1","1","0","EID_9999_NoSound","","","","","-1","0","0","0","","Schließlich kann ich den Anblick des Wassers nicht länger ertragen und richte meinen Blick nach oben. <STOP>Welch eine Überraschung, dort Gemälde am verblichenen Mauerputz zu entdecken! <STOP>Jedes stellt eine Person in der Blüte ihres Lebens dar, eingehüllt in Kleidung von höchster Qualität. Ihr Stil jedoch mutet mir seltsam an, weshalb ich vermute, dass diese Menschen vor langer, langer Zeit gelebt haben."
"","","1","1","0","EID_9999_NoSound","","","","","-1","0","0","0","","Einer von ihnen trägt Kleidung, die mir besonders ins Auge fällt. <STOP>Sie besteht aus einem dünnen, luftigen Stoff und ist mit einem Motiv aus Blumen und Vögeln verziert, während sie die Hüfte des Trägers mit einem Ledergürtel einer nahezu perfekten Machart umgibt. Es ist eine umwerfende Tracht, sogar nach heutigen Maßstäben.<PAGE>"
"","","1","1","0","EID_9999_NoSound","","","","","-1","0","0","0","","Während ich das Porträt betrachte, überkommt mich der Wunsch, es mit eigenen Händen zu berühren. <STOP>Als ich jedoch einen Finger in Richtung des Gemäldes ausstrecke, überkommt mich ein äußerst unangenehmes Gefühl. <STOP>Ich sehe mir das Bild genau an und bemerke, wie es sich krümmt und verändert, bis es ebenfalls die Form eines Fingers annimmt. Jemand hinter dem Bild zeigt auf mich!"
"1069","1080","1","1","0","EID_9999_NoSound","","","","","-1","0","0","0","","Ist es ein anderer Gefangener? Ein Leidensgenosse, für immer eingesperrt an diesem Ort? <STOP>Ich kann es nicht ignorieren, daher packe ich das Portrait mit beiden Händen und werfe es ins Wasser. <STOP>Hinter dem Gemälde befindet sich ein Hohlraum und darin kann ich einen Körper erkennen. Ob es nun ein Gefangener ist oder nicht, eine Rettung gibt es für ihn nicht mehr. Die arme Seele ist schon lange tot."
"","","1","1","0","EID_9999_NoSound","","","","","-1","0","0","0","","Stofffetzen liegen um die Knochen verteilt auf dem Boden. Nur ein kleiner Teil des Materials hat überlebt, aber dieser hat dasselbe filigrane Muster, das auch im Porträt zu sehen war."
"","","1","1","0","EID_9999_NoSound","","","","","-1","0","0","0","","Ich habe eine Reihe von Leichen bewundert, dem Sichtfeld durch ein Porträt eines jeden Opfers in seinem Zenit verborgen."
"","","1","1","0","EID_9999_NoSound","","","","","-1","0","0","0","","Es reicht! Ich halte mir die Augen zu und paddele vorwärts durch das Wasser."
"1070","","1","1","0","EID_9999_NoSound","","","","","-1","0","0","0","","Das Wasser steht mir inzwischen bis zum Kinn und schwappt nun gierig gegen meinen Mund und meine Nase."
"","","1","1","0","EID_9999_NoSound","","","","","-1","0","0","0","","""Du dummer Bast...!"", ruft <NIER>. Er will sicherlich noch mehr sagen, aber der Rest seiner Beleidigung geht in dem steigenden Wasser unter."
"","","1","1","0","EID_9999_NoSound","","","","","-1","0","0","0","","Grimoire Weiss treibt nass und zerfleddert auf der<LF>Wasseroberfläche. <STOP>Es ist bereits zu spät für ihn."
"","","1","1","0","EID_9999_NoSound","","","","","-1","0","0","0","","Das war nicht ... <WAIT=0.5>D<WAIT=0.033>a<WAIT=0.033>s <WAIT=0.067>w<WAIT=0.033>a<WAIT=0.033>r <WAIT=0.033>n<WAIT=0.033>i<WAIT=0.033>c<WAIT=0.067>h<WAIT=0.033>t <WAIT=0.033>.<WAIT=0.033>.<WAIT=0.033>. <WAIT=0.067>w<WAIT=0.033>i<WAIT=0.067>e <WAIT=0.067>e<WAIT=0.033>s <WAIT=0.067>e<WAIT=0.033>n<WAIT=0.033>d<WAIT=0.033>e<WAIT=0.033>n <WAIT=0.067>s<WAIT=0.033>o<WAIT=0.033>l<WAIT=0.033>l<WAIT=0.033>t<WAIT=0.033>e <WAIT=0.033>.<WAIT=0.033>.<WAIT=0.033>.<WAIT=0.033>"
"1071","1072","1","1","0","EID_9999_NoSound","","","<CB=NPC_PARTS_INVISIBLE>","","-1","0","0","0","","Trotz der Aussichtslosigkeit schaffen wir es zum Vordereingang"
"","","1","1","0","EID_9999_NoSound","","","","","-1","0","0","0","","""Schlagt sie ein!"", schreit jemand, und daher versuche ich es."
"","","1","1","0","EID_9999_NoSound","","","","","-1","0","0","0","","Zusammen mit <NIER> und Grimoire Weiss werfe ich meinen Körper gegen die dicke robuste Tür. Beim dritten Anlauf gibt sie nach, und wir finden uns auf dem Boden vor der Burg wieder."
"","","1","1","0","EID_9999_NoSound","","","","","-1","0","0","0","","Der Sturm zieht ab. Die Wolken über uns sind noch immer dunkel und bedrohlich, aber im Westen kann ich einen dünnen Schimmer von Sonnenlicht erkennen, der sich langsam seinen Weg bahnt."
"1072","1073","1","1","0","EID_9999_NoSound","","","","","-1","0","0","0","","""Wie kann ich Euch nur danken?"", schluchze ich, während sich auf meinen Wangen Tränen mit dem Regen vermischen. ""Ich wäre ganz sicher da drinnen gestorben."" <LF><STOP>Als ich nach unten schaue, bemerke ich plötzlich, dass mein Kleid zerfetzt ist, und versuche betreten, meine nackte Haut zu bedecken."
"","","1","1","0","EID_9999_NoSound","","","","","-1","0","0","0","","""Ihr Kleid?"", fragt Weiss. ""Dann seid Ihr eine Frau, meine Dame?"""
"","","1","1","0","EID_9999_NoSound","","","","","-1","0","0","0","","""Ja, das bin ich."" <STOP>Ich schenke den beiden ein Lächeln. ""Ich nehme an, das kommt überraschend, wenn man bedenkt, dass ich nur in der Form von Worten existiere.""<PAGE>"
"","","1","1","0","EID_9999_NoSound","","","","","-1","0","0","0","","Ich kann sehen, dass <NIER> enttäuscht ist, weil das zerfetzte Kleid nicht näher beschrieben wird. Aber er verbirgt es gut. Mit einem Nicken und einem Schulterzucken brechen wir drei zu unserem Erwachen auf."
"","","1","1","0","EID_9999_NoSound","","","","","-1","0","0","0","","Doch hinter uns findet ein Erwachen der anderen Art statt."
"","","1","1","0","EID_9999_NoSound","","","","","-1","0","0","0","","Schwarzer Rauch breitet sich in der verlassenen Burg aus und umgibt die zahllosen verdammten Seelen im Inneren mit ihrem letzten Schleier."
"1073","","1","1","0","EID_9999_NoSound","","","","","-1","0","0","0","","Einen Moment später zerbersten die Fenster der Burg mit lautem Getöse. Ein frischer Wind weht durch die Gänge und Korridore und vertreibt den Rauch ein für alle Mal. <STOP>Während wir erstaunt zusehen, erwachen unzählige schwarze Schatten zum Leben und schwirren vor den zerbrochenen Fenstern umher."
"","","1","1","0","EID_9999_NoSound","","","","<CB=BG_AND_ENV_FADE_IN><LF><CB=BGM_C_FOREST_FIELD_01><LF><CB=LIB_SET_OPEN_2D_GAUGE_FAST><LF><CB=CHANGE_WINDOW_SIZE,0,1363,1009>","-1","0","0","0","","Die Toten aus der Burg sind zu neuem Leben erwacht ... als Schatten."
"1074","","1","1","1","EID_9999_NoSound","","","","","-1","0","0","0","","Ich schiele die dunklen Korridore entlang ...<LF><LIST=1082>... und gehe nach Osten.</LIST><LF><LIST=1083>... und gehe nach Süden.</LIST><LF><LIST=1084>... und gehe nach Westen.</LIST><LF><LIST=1085>... und gehe nach Norden.</LIST>"
"1075","","1","1","1","EID_9999_NoSound","","","","","-1","0","0","0","","Ich schiele die dunklen Korridore entlang ...<LF><LIST=1085>... und gehe nach Norden.</LIST>"
"1076","","1","1","1","EID_9999_NoSound","","","","","-1","0","0","0","","Ich schiele die dunklen Korridore entlang ...<LF><LIST=1082>... und gehe nach Osten.</LIST><LF><LIST=1085>... und gehe nach Westen.</LIST>"
"1077","","1","1","1","EID_9999_NoSound","","","","","-1","0","0","0","","Ich schiele die dunklen Korridore entlang ...<LF><LIST=1082>... und gehe nach Osten.</LIST>"
"1078","","1","1","1","EID_9999_NoSound","","","","","-1","0","0","0","","Ich schiele die dunklen Korridore entlang ...<LF><LIST=1082>... und gehe nach Osten.</LIST><LF><LIST=1083>... und gehe nach Süden.</LIST><LF><LIST=1084>... und gehe nach Westen.</LIST>"
"1079","","1","1","1","EID_9999_NoSound","","","","","-1","0","0","0","","Ich schiele die dunklen Korridore entlang ...<LF><LIST=1084>... und gehe nach Westen.</LIST><LF><LIST=1085>... und gehe nach Norden.</LIST>"
"1080","","1","1","1","EID_9999_NoSound","","","","","-1","0","0","0","","Ich schiele die dunklen Korridore entlang ...<LF><LIST=1083>... und gehe nach Süden.</LIST>"
"1081","","1","1","1","EID_9999_NoSound","","","","","-1","0","0","0","","Ich schiele die dunklen Korridore entlang ...<LF><LIST=1082>... und gehe nach Osten.</LIST><LF><LIST=1083>... und gehe nach Süden.</LIST>"
"1082","","2","1","1","EID_9999_NoSound","","","","<CB=Labyrinth_Divergence,1>","-1","0","0","0","",""
"1083","","2","1","1","EID_9999_NoSound","","","","<CB=Labyrinth_Divergence,2>","-1","0","0","0","",""
"1084","","2","1","1","EID_9999_NoSound","","","","<CB=Labyrinth_Divergence,3>","-1","0","0","0","",""
"1085","","2","1","1","EID_9999_NoSound","","","","<CB=Labyrinth_Divergence,4>","-1","0","0","0","",""
"1086","1087","1","1","0","EID_9999_NoSound","","","<CB=BGM_EID_1500_a0118_01><LF><CB=SET_ACTOR_PAUSE_ON,1364>","","-1","0","0","0","","In der Ferne war eine Kolonie massiver Skulpturen sichtbar, die ihre hochgewachsenen Formen in den Himmel reckten. <STOP>Weiss und <NIER> hatten nie zuvor etwas Vergleichbares gesehen, und ihre Augen weiteten sich, als sie es zu erfassen versuchten."
"","","1","1","0","NV_ID_0363","","","","","-1","0","0","0","","""Diese Bauwerke müssen riesig sein, wenn wir sie aus so großer Entfernung sehen können, oder, Weiss?"""
"","","1","1","0","NV_ID_0364","","","","","-1","0","0","0","","Während Weiss über eine Antwort nachdachte, brannte die Sonne mit neuer Kraft auf sie nieder."
"","","1","1","0","NV_ID_0365","","","","","-1","0","0","0","","""Vielleicht sind sie eine Art Fata Morgana"", sagte er."
"","","1","1","0","EID_9999_NoSound","","","","","-1","0","0","0","","""Bei dieser Hitze wäre die ein oder andere Fata Morgana nicht überraschend."""
"","","1","1","0","EID_9999_NoSound","","","","","-1","0","0","0","","<NIER> nickte und wischte sich den Schweiß von der Stirn, wobei er eine Spur von Sand hinterließ. Nie im Leben war er so durstig gewesen."
"1087","1088","1","1","0","EID_9999_NoSound","","","","","-1","0","0","0","","Die alte Straße, auf der sie gingen, war inzwischen schwarz und brüchig. Hier und dort war ihre felsige Oberfläche von dünnen Grashalmen durchbrochen, als ob sie ihr Zuhause verteidigen wollten, über das sie gelegt worden war."
"","","1","1","0","EID_9999_NoSound","","","","","-1","0","0","0","","Die Hitze, die von der Straße zurückstrahlte, machte <NIER> schwindelig.<PAGE>"
"","","1","1","0","EID_9999_NoSound","","","","","-1","0","0","0","","Seine Füße taten weh, daher hockte er sich zum Ausruhen hin. <STOP>""Ich weiß nicht, wie lange ich das noch durchhalte. Hält uns hier jemand zum Narren oder was?!"""
"","","1","1","0","EID_9999_NoSound","","","","","-1","0","0","0","","Das Jammern hatte bereits begonnen."
"","","1","1","0","EID_9999_NoSound","","","","","-1","0","0","0","","Weiss versuchte, nicht allzu sehr mit den Augen zu rollen. ""Zum Narren?"", sagte er. <STOP>""Nein. Das nicht. Diese Straße führt zur Stadt der Künste. <STOP>Womöglich ist dieser Weg selbst einfach nur eine Art großes Kunstwerk."""
"","","1","1","0","EID_9999_NoSound","","","","","-1","0","0","0","","""Du klingst aber nicht besonders überzeugt."""
"","","1","1","0","EID_9999_NoSound","","","","","-1","0","0","0","","""Möglich. Aber wenn du so darüber denkst, fällt es dir vielleicht leichter, das zu ertragen."""
"","","1","1","0","EID_9999_NoSound","","","","","-1","0","0","0","","<NIER> blickte in Weiss' grinsendes Gesicht, schüttelte den Kopf und ging weiter."
"1088","1089","1","1","0","EID_9999_NoSound","","","","","-1","0","0","0","","Nach und nach schmerzten die Füße von <NIER> zunehmend, und seine Kehle wurde trockener als er es je für möglich gehalten hätte. <STOP>Er versuchte, nicht weiter als bis zum nächsten Schritt vorauszuschauen, da ihn das grelle Sonnenlicht an seinen eigenen Sinnen zweifeln ließ."
"","","1","1","0","EID_9999_NoSound","","","","","-1","0","0","0","","""Wir kommen definitiv näher"", sagte Weiss, um seinen Gefährten aufzumuntern. <STOP>""Ja, so viel ist sicher.""<PAGE>"
"","","1","1","0","EID_9999_NoSound","","","","","-1","0","0","0","","Derart ermutigt, hob <NIER> seinen Blick. <STOP>Unversehens hörte er auf, zu laufen, und stand stattdessen mit Mund und Augen weit aufgerissen mitten auf der Straße, während er mit seinem Finger in die Ferne deutete."
"","","1","1","0","EID_9999_NoSound","","","","","-1","0","0","0","","""Wasser!"", rief er! ""Es ist Wasser!"""
"","","1","1","0","EID_9999_NoSound","","","","","-1","0","0","0","","""Wasser?"", fragte Weiss. ""Unsinn. Ich sehe kein Wasser."""
"","","1","1","0","EID_9999_NoSound","","","","","-1","0","0","0","","""Dort! Direkt vor uns! Sieh nur, es reflektiert die Sonne!"""
"1089","1090","1","1","0","EID_9999_NoSound","","","","","-1","0","0","0","","Ohne auf eine Antwort zu warten, rannte <NIER> in Richtung seiner Entdeckung los."
"","","1","1","0","EID_9999_NoSound","","","","","-1","0","0","0","","""Was zur ...?"""
"","","1","1","0","EID_9999_NoSound","","","","","-1","0","0","0","","Dort war kein Wasser. Überall war nichts als Sand. <STOP><NIER> schloss die Augen und seufzte, als Weiss leise kichernd hinter ihm auftauchte."
"","","1","1","0","EID_9999_NoSound","","","","","-1","0","0","0","","""Ich glaube, dies ist als Fata Morgana bekannt"", sagte er. ""Viele Wüstenreisende haben davon berichtet.""<PAGE>"
"","","1","1","0","EID_9999_NoSound","","","","","-1","0","0","0","","<NIER> schüttelte verwirrt den Kopf. Plötzlich deutete er mit weit aufgerissenen Augen in die Ferne."
"","","1","1","0","EID_9999_NoSound","","","","","-1","0","0","0","","""Warte, da ist es! Ich habe es lediglich verfehlt! Sieh nur, es ist <FONT=ITALIC>gleich dort!""</FONT>"
"","","1","1","0","EID_9999_NoSound","","","","","-1","0","0","0","","<NIER> rannte erneut los und ließ Weiss keine andere Wahl, als ihm zu folgen."
"1090","1091","1","1","0","EID_9999_NoSound","","","","","-1","0","0","0","","<NIER> rannte einige Minuten und blieb dann stehen."
"","","1","1","0","EID_9999_NoSound","","","","","-1","0","0","0","","""Ich hätte schwören können, dass es direkt hier irgendwo war ..."""
"","","1","1","0","EID_9999_NoSound","","","","","-1","0","0","0","","Verwirrt rieb er sich mit den Handrücken die Augen. <STOP>Kaum hörte er damit auf, bemerkte er einen blauen, glänzenden Teich mit klarem Wasser, gleich hinter der nächsten Anhöhe. <STOP>Mit einem Aufschrei machte er sich auf die Suche danach.<PAGE>"
"","","1","1","0","EID_9999_NoSound","","","","","-1","0","0","0","","Diese Jagd setzt sich fast eine Stunde lang fort, bis ein verzweifelter Weiss endlich zu <NIER> schwebte und ihm mit dem Einband ins Gesicht schlug."
"","","1","1","0","EID_9999_NoSound","","","","","-1","0","0","0","","""Du verdammter Vollidiot! Hör sofort damit auf! <STOP><FONT=ITALIC>Es</FONT> <WAIT=0.5><FONT=ITALIC>gibt</FONT> <WAIT=0.5><FONT=ITALIC>hier</FONT> <WAIT=0.5><FONT=ITALIC>kein</FONT> <WAIT=0.5><FONT=ITALIC>Wasser!</FONT>"""
"","","1","1","0","EID_9999_NoSound","","","","","-1","0","0","0","","Das Gesicht von <NIER> verfinsterte sich. ""Es ... gibt keins?"""
"1091","1092","1","1","0","EID_9999_NoSound","","","","","-1","0","0","0","","""Es gibt keins! Und vielleicht hörst du einfach das nächste Mal auf mich!"" <STOP>Weiss hielt einen Moment inne und sprach dann in einem etwas freundlicheren Ton weiter. <STOP>""Trotzdem nehme ich an, dass diese verrückte Jagd nicht völlig umsonst war. Es scheint, als wären wir in der Stadt der Künste angekommen.""<PAGE>"
"","","1","1","0","EID_9999_NoSound","","","","","-1","0","0","0","","<NIER> blickte auf. Vor ihm erstreckte sich eine Reihe von sagenhaft großen Skulpturen. <STOP>Sie waren am Ziel angelangt."
"","","1","1","0","EID_9999_NoSound","","","","","-1","0","0","0","","""Sie sind riesig!"", rief <NIER> und vergaß dabei völlig die Hitze und Strapazen der zurückliegenden Stunden. ""Etwas so Großes habe ich noch <FONT=ITALIC>nie</FONT> gesehen!""<PAGE>"
"","","1","1","0","EID_9999_NoSound","","","","","-1","0","0","0","","Alle Skulpturen hatten einen ähnlichen Umriss – ein großes Rechteck, dass sich in den Himmel erstreckte –, aber damit hörten die Gemeinsamkeiten auch auf. <STOP>Die meisten waren von Glasscheiben umhüllt, die das Licht in tausend Richtungen reflektierten, während andere wiederum nur aus Stahl zu bestehen schienen. <STOP><LF>Manche hatten große Spitzen oben drauf, während andere dreieckige Aufsätze hatten.<PAGE>"
"","","1","1","0","EID_9999_NoSound","","","","","-1","0","0","0","","""Was für eine Art Stadt ist das?"", fragte <NIER>. ""Wo sind die Menschen? Wo sind die Häuser?"""
"","","1","1","0","EID_9999_NoSound","","","","","-1","0","0","0","","""Womöglich ist das Land ausschließlich für künstlerische Nutzung gedacht."""
"","","1","1","0","EID_9999_NoSound","","","","","-1","0","0","0","","Die Debatte setzte sich fort, während sie sich ihren Weg durch die Stadt bahnten."
"1092","1093","1","1","0","EID_9999_NoSound","","","","","-1","0","0","0","","Überall waren Wunderwerke der Kunst. Große Eisenkisten mit Rädern, die stumm auf Stahlschienen saßen. Herrlich gearbeitete Werke mit roten, gelben und grünen Lichtern hingen über jeder Straße. <STOP>Als sie sich weiter von den gewaltigen Skulpturen entfernten, fanden sie eine große Anzahl kleinerer vor. <STOP>Manche waren mit Glas oder Backsteinen bedeckt, aber viele andere bestanden aus Materialien, die sie nie zuvor gesehen hatten. Die schiere Vielfalt an Farben und Stilen war atemberaubend.<PAGE>"
"","","1","1","0","EID_9999_NoSound","","","","","-1","0","0","0","","<NIER> und Weiss fanden weder ein Thema noch einen Zweck in den abstrakten Arbeiten um sie herum. Schließlich wurden sie ganz still."
"1093","1094","1","1","0","EID_9999_NoSound","","","","","-1","0","0","0","","In den Außenbezirken der Stadt entdeckten sie drei Skulpturen in der Form von Menschen. <NIER> stieß einen erleichterten Seufzer aus, als er sich ihnen näherte."
"","","1","1","0","EID_9999_NoSound","","","","","-1","0","0","0","","""Endlich. Die ganze moderne Kunst ging mir schon langsam auf die Nerven."""
"","","1","1","0","EID_9999_NoSound","","","","","-1","0","0","0","","Die drei Statuen waren nicht voneinander zu unterscheiden, bis auf ein kleines Wort, das in ihre rechten Arme graviert war. Eines war Alpha, ein weiteres Beta und das letzte schließlich Gamma."
"","","1","1","0","EID_9999_NoSound","","","<CB=BGM_C_FOREST_FIELD_FO>","","-1","0","0","0","","Als <NIER> sich aufmachte, die nächste Statue zu berühren, stieg ein Vogel von der Spitze einer der Skulpturen auf. Er landete auf der Schulter der Statue und ließ ein kurzes, wunderschönes Lied hören, das die Form von Worten annahm."
"","","1","1","0","EID_9999_NoSound","","","","","-1","0","0","0","","""Nur eine Figur ist echt. Die anderen sind Fälschungen."""
"","","1","1","0","EID_9999_NoSound","","","","","-1","0","0","0","","""Die echte Figur spricht stets die Wahrheit."""
"","","1","1","0","EID_9999_NoSound","","","","","-1","0","0","0","","""Die falschen verbreiten immer nur Lügen."""
"1094","1095","1","1","0","EID_9999_NoSound","","","","","-1","0","0","0","","Daraufhin verschwand der große Vogel wieder. Wie auf Befehl erwachten die drei Statuen zum Leben und bekamen Form und Farbe, als sie zu atmen begannen."
"","","1","1","0","EID_9999_NoSound","","","<CB=BGM_EID_1500_a0118_02>","","-1","0","0","0","","""Hey, sieh dir das mal an"", sagte <NIER>. ""Sie sind lebendig."""
"","","1","1","0","EID_9999_NoSound","","","","","-1","0","0","0","","Die drei verneigten sich tief vor <NIER>."
"","","1","1","0","EID_9999_NoSound","","","","","-1","0","0","0","","""Bitte!"", sagte Alpha. ""Du musst mich aus diesem Albtraum befreien! Ich bin wahrhaftig!"""
"","","1","1","0","EID_9999_NoSound","","","","","-1","0","0","0","","""Hör auf zu lügen!"", sagte Beta. Er wandte sich an <NIER> und warf seine Hände in die Luft. ""Alpha ist nämlich eine Kopie. Ich bin der Echte."""
"","","1","1","0","EID_9999_NoSound","","","","","-1","0","0","0","","""Ausgemachter Blödsinn"", sagte Gamma. ""Beta ist eine Fälschung. Jeder weiß, dass ich der Echte hier bin."""
"","","1","1","0","EID_9999_NoSound","","","","","-1","0","0","0","","Nachdem die drei ihre Einwände hatten hören lassen, kehrten sie in ihren erstarrten Zustand zurück, und die Stadt war wieder von Stille gehüllt.<PAGE>"
"","","1","1","0","EID_9999_NoSound","","","","","-1","0","0","0","","""Wenn du ihre Aussagen genau betrachtest, kann nur einer von ihnen echt sein"", sagte Weiss."
"","","1","1","0","EID_9999_NoSound","","","","","-1","0","0","0","","<NIER> zog die Augenbrauen zusammen und dachte über die Antwort nach."
"1095","","1","1","0","EID_9999_NoSound","","","","","-1","0","0","0","","""Nur eine Figur ist echt. Die anderen sind Fälschungen.""<LF>""Die echte Figur spricht stets die Wahrheit.""<LF>""Die falschen verbreiten immer nur Lügen.""<LF>"
"","","1","1","0","EID_9999_NoSound","","","","","-1","0","0","0","","<LIST=1096>""Alpha ist die echte Figur.""</LIST><LF><LIST=1099>""Beta ist die echte Figur.""</LIST><LF><LIST=1097>""Gamma ist die echte Figur.""</LIST><LF><LIST=1098>""Ich habe keine Ahnung ...""</LIST>"
"1096","","1","1","0","EID_9999_NoSound","","","","","-1","0","0","0","","""Alpha ist die echte Figur."""
"","","1","1","0","EID_9999_NoSound","","","","","-1","0","0","0","","Die Augen der Statuen funkelten in einem unheimlichen Licht."
"","","1","1","0","EID_9999_NoSound","","","","<CB=BG_AND_ENV_FADE_IN><LF><CB=BGM_C_FOREST_FIELD_01><LF><CB=LIB_SET_OPEN_2D_GAUGE_FAST><LF><CB=CHANGE_WINDOW_SIZE,0,1364,1013>","-1","0","0","0","","Das Licht wurde immer intensiver, bis <NIER> und Weiss sich nur noch abwenden konnten."
"1097","","1","1","0","EID_9999_NoSound","","","","","-1","0","0","0","","""Gamma ist die echte Figur."""
"","","1","1","0","EID_9999_NoSound","","","","","-1","0","0","0","","Die Augen der Statuen funkelten in einem unheimlichen Licht."
"","","1","1","0","EID_9999_NoSound","","","","<CB=BG_AND_ENV_FADE_IN><LF><CB=BGM_C_FOREST_FIELD_01><LF><CB=LIB_SET_OPEN_2D_GAUGE_FAST><LF><CB=CHANGE_WINDOW_SIZE,0,1364,1013>","-1","0","0","0","","Das Licht wurde immer intensiver, bis <NIER> und Weiss sich nur noch abwenden konnten."
"1098","1093","1","1","0","EID_9999_NoSound","","","","","-1","0","0","0","","""Ich habe keine Ahnung ..."""
"","","1","1","0","EID_9999_NoSound","","","","","-1","0","0","0","","<NIER> blickte die Statuen lange an und versuchte, seine Gedanken aufzuräumen."
"1099","1100","1","1","0","EID_9999_NoSound","","","","","-1","0","0","0","","""Beta ist die echte Figur."""
"","","1","1","0","EID_9999_NoSound","","","","","-1","0","0","0","","Obgleich es der Stimme von <NIER> bemerkbar an Zuversicht mangelte, war er erleichtert, als Weiss ihm zunickte."
"","","1","1","0","EID_9999_NoSound","","","","","-1","0","0","0","","""Wenn Alpha die Wahrheit sagen würde"", begann Weiss im trockenen Tonfall eines Oberlehrers, ""dann wären Beta und Gamma Fälschungen. In diesem Fall jedoch wäre Gammas Behauptung, dass Beta eine Fälschung ist, die Wahrheit, auch wenn Gamma ein Lügner ist. Daher fällt diese Theorie weg."""
"","","1","1","0","EID_9999_NoSound","","","","","-1","0","0","0","","""Lass uns nun annehmen, dass Gamma die Wahrheit gesprochen hat. Das würde sowohl Alpha als auch Beta zu Lügnern machen. Allerdings nennt Beta Alpha einen Lügner, wodurch es plötzlich zwei Statuen gäbe, die die Wahrheit sagen."""
"","","1","1","0","EID_9999_NoSound","","","","","-1","0","0","0","","""Lass uns schließlich davon ausgehen, dass Beta die Wahrheit spricht. Wenn dem so ist, würden die Lügen von Alpha und Gamma einen Sinn ergeben. Daher muss Beta echt sein."""
"1100","1101","1","1","0","EID_9999_NoSound","","","","","-1","0","0","0","","Als Weiss seine Erklärung abschloss, zerfielen Alpha und Gamma geräuschlos zu Staub, während Beta wieder zu neuem Leben erwachte."
"","","1","1","0","EID_9999_NoSound","","","","","-1","0","0","0","","""Glückwunsch, Dorfbewohner"", sagte Weiss mit freudiger Stimme. ""Die Zeit des Erwachens ist gekommen."""
"","","1","1","0","EID_9999_NoSound","","","","","-1","0","0","0","","""Vielen Dank, dass ihr mich gerettet habt"", rief der Dorfbewohner."
"","","1","1","0","EID_9999_NoSound","","","","","-1","0","0","0","","Er fiel auf die Knie und beugte seinen Kopf so weit wie nur möglich, ehe ein peinlich berührter <NIER> ihn wieder auf die Füße stellte."
"1101","","1","1","0","EID_9999_NoSound","","","","","-1","0","0","0","","""Warum habt Ihr einen solchen Traum gehabt?"", fragte<LF>Weiss. ""Wart Ihr schon einmal in dieser Stadt?"""
"","","1","1","0","EID_9999_NoSound","","","","","-1","0","0","0","","Der Dorfbewohner sah sich die bizarren Objekte und Skulpturen, welche überall herumstanden, langsam an und schüttelte den Kopf."
"","","1","1","0","EID_9999_NoSound","","","","","-1","0","0","0","","""Ich ... Ich glaube nicht. Ich meine, das kann nicht sein, oder? Es ist unmöglich, dass ich jemals an einem Ort wie diesem war ... Aber gleichzeitig habe ich das Gefühl, ihn schon mal gesehen zu haben."""
"","","1","1","0","EID_9999_NoSound","","","","","-1","0","0","0","","""Déjà-vu"", murmelte <NIER>. ""Genau wie beim Bürgermeister."""
"","","1","1","0","EID_9999_NoSound","","","","<CB=BG_AND_ENV_FADE_IN><LF><CB=BGM_C_FOREST_FIELD_01><LF><CB=LIB_SET_OPEN_2D_GAUGE_FAST><LF><CB=CHANGE_WINDOW_SIZE,0,1364,1012>","-1","0","0","0","","Ein vages ungutes Gefühl überkam <NIER>, als sich der Traum des Bürgermeisters erneut in seinem Kopf ausbreitete."
"1102","","0","1","0","EID_4500_a0400_0050_X","","","<CB=SET_ACTOR_PAUSE_ON,1362>","<CB=SNID_1580_a0010_01_Select>","-1","0","0","0","26","Ich kann diese fürchterlichen Unterhaltungen nicht mehr ertragen. Verschieben wir das auf ein anderes Mal."
"1103","1104","1","1","0","EID_9999_NoSound","","","<CB=SET_ACTOR_PAUSE_ON,1362>","","-1","0","0","0","","""Ah, hallo! <STOP>Wisst Ihr, ich habe darüber nachgedacht, wie ich Euch für meine Rettung danken kann, und ich glaube, ich habe eine Idee. <STOP>Wir werden eine Statue von Euch errichten! Sie wird drei Meter hoch und aus purem Gold sein. <STOP>Ach, und ich weiß, dass Ihr kein Pferd habt, aber ich denke, wir setzen Euch trotzdem auf eins. Pferde lassen Menschen heldenhafter aussehen, findet Ihr nicht auch?""<PAGE>"
"","","1","1","0","EID_9999_NoSound","","","","","-1","0","0","0","","""Wie wäre das? Ihr wollt keine Statue? <STOP>Ach. Ich dachte, das würde Euch gefallen."""
"","","1","1","0","EID_9999_NoSound","","","","","-1","0","0","0","","""Dessen ungeachtet ist dank Eures unermüdlichen Einsatzes wieder Frieden in unser Dorf eingekehrt. Und Freude und Eierkuchen auch. <STOP>Ahaha! Ein kleiner Bauernscherz.""<PAGE>"
"","","1","1","0","EID_9999_NoSound","","","","","-1","0","0","0","","""Ich habe aber auch über andere Dinge nachgedacht, nicht nur über schlechte Scherze und Statuen. So habe ich entschieden, das Dorffest wieder abzuhalten. <STOP>Früher haben wir es einmal im Jahr veranstaltet, aber der letzte Bürgermeister fand es altmodisch oder so und hat es abgeschafft. <STOP>Aber da ich nun Bürgermeister bin, werde ich es wieder aufleben lassen! <STOP>Das ist doch kein Machtmissbrauch, oder?""<PAGE>"
"1104","","1","1","0","EID_9999_NoSound","","","","","-1","0","0","0","","""Wie bitte? Ihr wollt mehr über das Fest erfahren? <STOP>Nun, offiziell heißt es 'Der Drei-Tages-Festschmaus', weil alle drei Tage lang an einem riesigen Tisch sitzen und speisen. Schlafen ist nicht erlaubt! <STOP>Ach, und wir halten es immer an den nebligsten Tagen im Jahr ab, sodass es schwer zu sagen ist, was man isst. <STOP>Manche der Gerichte sind köstlich, andere sind ziemlich selten und ... na ja, da ist komisches Zeug drin. Belassen wir es dabei. <STOP>Wie auch immer, Ihr wärt überrascht, was Ihr essen könnt, wenn ihr ein paar Tage lang nicht geschlafen habt.""<PAGE>"
"","","1","1","0","EID_9999_NoSound","","","","","-1","0","0","0","","""Ich werde dafür sorgen, dass ein Zimmer für Euch zur Verfügung steht, so dass Ihr unser Ehrenga... <STOP>Was? Ihr könnt nicht kommen? <STOP>Ihr müsst Euch die Haare waschen? <STOP>Oh. Nun gut. Nun, ich denke, das ist verständlich. Bei all den Abenteuern und so."""
"","","1","1","0","EID_9999_NoSound","","","","","-1","0","0","0","","""Ehrlich gesagt glaube ich, diese Stadt braucht mehr solcher Gruppenaktivitäten. Sie werden uns dabei helfen, uns besser kennenzulernen und den Zusammenhalt in schweren Zeiten zu fördern und so.""<PAGE>"
"","","1","1","0","EID_9999_NoSound","","","","","-1","0","0","0","","Weiss hustete laut."
"","","1","1","0","EID_9999_NoSound","","","","","-1","0","0","0","","""Wie lange müssen wir denn noch das unerträgliche Geplapper dieses Dummkopfes ertragen?"", flüsterte er <NIER> zu."
"","","1","1","0","EID_9999_NoSound","","","","","-1","0","0","0","","""Ach, lass ihn reden. Er ist gerade erst aufgewacht. Vermutlich hat der Junge viel auf dem Herzen."""
"","","1","1","0","EID_9999_NoSound","","","","","-1","0","0","0","","Weiss seufzte."
"","","1","1","0","EID_9999_NoSound","","","","<CB=SNID_1580_a0010_01_End>","-1","0","0","0","","""Das ist es wohl, was Popola mit fröhlich und redselig meinte ..."""
"1105","","0","1","0","EID_4500_a0400_0050_X","","","<CB=SET_ACTOR_PAUSE_ON,1363>","<CB=SNID_1580_a0010_02_Select>","-1","0","0","0","26","Ich kann diese fürchterlichen Unterhaltungen nicht mehr ertragen. Verschieben wir das auf ein anderes Mal."
"1106","1107","1","1","0","EID_9999_NoSound","","","<CB=SET_ACTOR_PAUSE_ON,1363>","","-1","0","0","0","","""Ach! Ihr seid es! Könnte ich wohl kurz mit Euch sprechen? <STOP>Kommt her."""
"","","1","1","0","EID_9999_NoSound","","","","","-1","0","0","0","","""Dies sind meine Nachbarn. Ich habe ihnen gerade von dem Traum erzählt, den ich hatte. <STOP>Ihr wisst schon. Der, aus dem ihr mich gerettet habt."""
"","","1","1","0","EID_9999_NoSound","","","","","-1","0","0","0","","""Sie glauben mir nicht. Sie sagen, ich würde das alles nur erfinden. <STOP>Wer könnte sich so etwas ausdenken? Ich erinnere mich an die Dunkelheit. Ich erinnere mich an die Schreie. <STOP>Hört zu, Ihr müsst mich hier unterstützen. Sie denken, ich sei verrückt. Sie müssen es verstehen."""
"1107","1108","1","1","0","EID_9999_NoSound","","","","","-1","0","0","0","","""Erzählt ihnen, wie Ihr mich aus dieser Zelle befreit habt und dass da überall Wasser war und wie schnell es stieg. <STOP>Ein Teil von mir war überzeugt, dass Ihr mich lediglich gerettet habt, um mich ertrinken zu lassen, wisst Ihr? Ich will nicht ertrinken. Die Leute sagen immer, es sei friedlich, aber ich denke, sie lügen."""
"","","1","1","0","EID_9999_NoSound","","","","","-1","0","0","0","","""Und erzählt ihnen von den Leichen. <STOP>Die Leichen ... Gute Götter, es waren so viele ..."""
"1108","1109","1","1","0","EID_9999_NoSound","","","","","-1","0","0","0","","""Da war ein Raum mit Betten und Leichen. Wie Kohlestücke ... <STOP>Ich denke noch immer an das Feuer und wie heiß es gewesen sein muss, aber dann will ich das nicht, also denke ich an den Wein. <STOP>Nur dass es kein Wein war. Es war Blut und immer noch warm. <STOP>Manchmal rieche ich es noch. Ich esse ein Stück Kuchen und ich rieche nur dieses warme Blut im steigenden Wasser. <STOP>Ich kann kaum noch essen.""<PAGE>""Wenn ich einen Tisch sehe, denke ich an das Festmahl und wie sich der Teppich unter meinen Füßen anfühlte. <STOP>Ich weiß auch nicht. Es ist seltsam. <STOP>Die Bilder sind vermutlich das Schlimmste. Ob sie wussten, dass sie sterben würden? Wie konnten sie stillsitzen in dem Wissen, dass jeder Pinselstreich sie dem Tod näher bringen würde? <STOP>Ich denke viel darüber nach. Mir fällt es schwer, überhaupt an etwas anderes zu denken. <STOP>Ich schlafe nicht viel. Schlafen ist schwierig. Ich sehe furchtbare Dinge, wenn ich die Augen schließe.""<PAGE>""Wie auch immer, ich hatte gehofft, ihr könntet es meinen Nachbarn erzählen, so dass sie ... <STOP>Hmm? Wo sind sie denn hin?"""
"1109","","1","1","0","EID_9999_NoSound","","","","","-1","0","0","0","","""Sie sind schon seit einer Weile weg"", sagte <NIER> leise."
"","","1","1","0","EID_9999_NoSound","","","","","-1","0","0","0","","""Zweifelsohne finden sie Euren Traum ein wenig ... verstörend"", sagte Weiss. ""Vielleicht solltet Ihr Euch ein anderes Gesprächsthema suchen, hm? Das Wetter zum Beispiel. Oder Kätzchen."""
"","","1","1","0","EID_9999_NoSound","","","","<CB=SNID_1580_a0010_02_End>","-1","0","0","0","","Die Dorfbewohnerin lächelte <NIER> sanft zu, doch das Lächeln verschwand schon bald aus ihrem Gesicht. Als die beiden sich langsam zurückzogen, sahen sie, wie sie langsam in Tränen ausbrach."
"1110","","0","1","0","EID_4500_a0400_0050_X","","","<CB=SET_ACTOR_PAUSE_ON,1364>","<CB=SNID_1580_a0010_03_Select>","-1","0","0","0","26","Ich kann diese fürchterlichen Unterhaltungen nicht mehr ertragen. Verschieben wir das auf ein anderes Mal."
"1111","1112","1","1","0","EID_9999_NoSound","","","<CB=SET_ACTOR_PAUSE_ON,1364>","","-1","0","0","0","","""Ach, hey! Ihr seid es! Der Typ, der mich aus dieser verrückten Stadt befreit hat! <STOP>Es ist schön, mal wieder mit Euch zu reden. Ihr seid mein Held, wisst Ihr das? <STOP>Ach, kommt schon, seid nicht so schüchtern. Ist schon in Ordnung. Der Bürgermeister meinte sogar, wir würden für Euch eine Statue errichten und so!"""
"","","1","1","0","EID_9999_NoSound","","","","","-1","0","0","0","","""Ich hörte, Ihr habt die Welt bereist. Gut für Euch! <STOP>Reisen ist der Schlüssel zum Glück, wisst Ihr? In die Welt hinausgehen, andere Menschen von Angesicht zu Angesicht treffen ... Das verändert den Blick auf die Dinge. Ich glaube, dass eine derartige Veränderung entscheidend für die Welt von morgen sein wird. <STOP>... Wie bitte? Ich? Nein, ich bin nie gereist. Ehrlich gesagt habe ich noch nicht einmal dieses Dorf verlassen. Dennoch würde ich eines Tages gerne mal hier rauskommen."""
"1112","1113","1","1","0","EID_9999_NoSound","","","","","-1","0","0","0","","""Ich denke, unsere Welt liegt im Sterben. Ernsthaft! Denkt mal darüber nach! <STOP>Da gibt es die Runenpest, die Schatten, mysteriöse Krankheiten wie den Todestraum ... Es ist, als würde etwas versuchen, uns zu warnen."""
"","","1","1","0","EID_9999_NoSound","","","","","-1","0","0","0","","""Tatsächlich bin ich überzeugt davon, dass es eine Warnung <FONT=ITALIC>ist</FONT>. Wir müssen unsere Lebensgewohnheiten ändern, bevor es zu spät ist!"""
"","","1","1","0","EID_9999_NoSound","","","","","-1","0","0","0","","""Ich würde gerne dabei helfen, diese Welt zu verändern, aber ich bin nur ein einfacher Dorfbewohner. Nicht wie ihr Typen! Ihr seid immer an vorderster Front, schwingt die Schwerter und lasst Magie sprechen und so. <STOP>Hey, ich hab's! Vielleicht sollten wir unsere Kräfte vereinen und die Welt gemeinsam verändern! Ich meine, mit eurer Erfahrung und eurem Talent und meiner ... äh ... na ja, was immer ich auch kann. <STOP>Auf jeden Fall denke ich, dass wir wirklich etwas verändern könnten."""
"1113","1114","1","1","0","EID_9999_NoSound","","","","","-1","0","0","0","","""Diese Welt braucht einen Anführer, jemanden, der die Leute auf ein gemeinsames Ziel einschwören kann. <STOP>Er müsste vermutlich auch ziemlich hart sein. Ich meine, das ist keine Welt in der ruhige Diskussionen geschätzt werden, wisst Ihr? <STOP>Zudem sollte er intelligent sein und die Fähigkeit haben, zu entscheiden, was das Beste für die Zukunft ist. <STOP>Ich wette, Ihr wärt perfekt! Was meint Ihr?!"""
"","","1","1","0","EID_9999_NoSound","","","","","-1","0","0","0","","""... Wie? Ihr denkt,<FONT=ITALIC>ich</FONT> sollte das übernehmen? <STOP>Oh, nein! Nein, das ist ... <STOP>Ich meine, das ehrt mich, aber nein danke. Ich bin kein Typ, der gerne im Mittelpunkt steht. <STOP>Ich bleibe lieber im Hintergrund und helfe von dort. Ihr wisst schon! Wie ein Berater oder ein Strippenzieher oder wie immer man das nennt. <STOP>Auf jeden Fall denke ich, ich wäre ziemlich gut darin."""
"1114","","1","1","0","EID_9999_NoSound","","","","","-1","0","0","0","","<NIER> und Weiss machten sich auf den Weg, noch bevor der Dorfbewohner ihnen eine Kopie seiner Broschüre ""Zehn einfache Wege zur Rettung der Welt"" überreichen konnte."
"","","1","1","0","EID_9999_NoSound","","","","","-1","0","0","0","","Während sie weitergingen, dachte Weiss laut über den Mann nach."
"","","1","1","0","EID_9999_NoSound","","","","<CB=SNID_1580_a0010_03_End>","-1","0","0","0","","""Ich denke, er ist das, was man einen Hobbystrategen nennt."""
"1115","","0","1","0","EID_9999_NoSound","","","<CB=SET_ACTOR_PAUSE_ON,1362>","","-1","0","0","0","","<LIST=1116>Unterhalten</LIST><LF><LIST=1117>Nicht unterhalten</LIST>"
"1116","","2","1","0","EID_9999_NoSound","","","<CB=SET_ACTOR_PAUSE_ON,1362>","<CB=SNID_1580_a0010_01_Select01>","-1","0","0","0","",""
"1117","","2","1","0","EID_9999_NoSound","","","","<CB=SNID_1580_a0010_01_Select02>","-1","0","0","0","",""
"1118","","0","1","0","EID_9999_NoSound","","","<CB=SET_ACTOR_PAUSE_ON,1363>","","-1","0","0","0","","<LIST=1119>Unterhalten</LIST><LF><LIST=1120>Nicht unterhalten</LIST>"
"1119","","2","1","0","EID_9999_NoSound","","","<CB=SET_ACTOR_PAUSE_ON,1363>","<CB=SNID_1580_a0010_02_Select01>","-1","0","0","0","",""
"1120","","2","1","0","EID_9999_NoSound","","","","<CB=SNID_1580_a0010_02_Select02>","-1","0","0","0","",""
"1121","","0","1","0","EID_9999_NoSound","","","<CB=SET_ACTOR_PAUSE_ON,1364>","","-1","0","0","0","","<LIST=1122>Unterhalten</LIST><LF><LIST=1123>Nicht unterhalten</LIST>"
"1122","","2","1","0","EID_9999_NoSound","","","<CB=SET_ACTOR_PAUSE_ON,1364>","<CB=SNID_1580_a0010_03_Select01>","-1","0","0","0","",""
"1123","","2","1","0","EID_9999_NoSound","","","","<CB=SNID_1580_a0010_03_Select02>","-1","0","0","0","",""
"1124","1109","1","1","0","NV_ID_0501_2","","","","","-1","0","0","0","",""
"1125","","0","1","0","EID_1500_a0200_0036_X","","","","","-1","0","-1","0","2","Für einen Versiegelten Vers war nur ein geringer Aufwand nötig."
"","","0","1","0","EID_1500_a0200_0037_X","","","","","-1","0","0","0","26","Ja, fast schon zu einfach, wenn du mich fragst."
"","","0","1","0","EID_1500_a0200_0038_X","","","","","-1","0","0","0","26","Es ist fast so, als ob uns jemand zu diesem Dorf führte ..."
"","","0","1","0","EID_1500_a0200_0039_X","","","","","-1","0","-1","0","2","Du machst dir zu viele Gedanken, Weiss."
"1126","","0","1","0","RID_FRYTHA_10010","","","","","0","-1","1364","0","8","Ich hatte schon Angst, ich wäre erledigt. Danke für die Hilfe!"
"","","0","1","0","RID_FRYTHA_10020","","","","<CB=EID_1500_a0020g_0020_End_Talk_NPC03>","0","-1","1364","0","8","Was für ein seltsamer Traum. Er kam mir ... seltsam vertraut vor."
"1127","","0","1","0","RID_FRYTHA_10020","","","","","0","-1","1364","0","8","Was für ein seltsamer Traum. Er kam mir ... seltsam vertraut vor."
"1128","","0","1","0","RID_FRWOMA_10010","","","","","0","-1","1363","0","108","Vielen Dank, dass du mich gerettet hast!"
"","","0","1","0","RID_FRWOMA_10020","","","","<CB=EID_1500_a0020g_0020_End_Talk_NPC02>","0","-1","1363","0","108","SO einen Traum möchte ich nie wieder haben ..."
"1129","","0","1","0","RID_FRWOMA_10010","","","","","0","-1","1363","0","108","Vielen Dank, dass du mich gerettet hast!"
""