"1000","","0","2","0","RID_FRHEAD_00010","","","","","-1","0","0","0","127","Fate... attenzione..."
"","","0","1","0","RID_FRHEAD_00020","","","","","-1","0","0","0","127","Fate... attenzione... alle pa...role..."
"","","0","1","0","EID_1500_a0020g_0080_X","","","","","-1","0","-1","0","2","Le parole? In che senso?"
"","","0","1","0","RID_FRHEAD_00030","","","","","-1","0","0","0","127","Parole... contagiose..."
"","","0","1","0","RID_FRHEAD_00040","","","","","-1","0","0","0","127","Quelli... che... so...gnano..."
"","","0","1","0","EID_1500_a0020g_0110_X","","","","<CB=LIB_SET_CLOSE_2D_GAUGE><LF><CB=CHANGE_WINDOW_SIZE,1,1362,1018>","-1","0","-1","0","2","Quelli che sognano?"
"1001","","0","1","0","RID_NIER_00120_NIER010","","","","","-1","0","-1","0","2","Salve!"
"","","0","1","0","EID_1500_a0020g_0020_X","","","","<CB=EID_1500_a0020g_0020_End>","-1","0","0","0","74","......"
"1002","","0","1","0","EID_1500_a0020g_0020_X","","","","<CB=EID_1500_a0020g_0020_02_End>","-1","0","0","0","74","......"
"1003","","0","1","0","RID_NIER_00090","","","","","-1","0","-1","0","2","Mmm... salve?"
"","","0","1","0","EID_1500_a0020g_0040_X","","","","","-1","0","0","0","8","......"
"","","0","1","0","EID_1500_a0020g_0050_X","","","","<CB=EID_1500_a0020g_0030_End>","-1","0","0","0","26","Molto ""gioiosi e cordiali"", Popola."
"1004","","0","1","0","EID_1500_a0020g_0040_X","","","","<CB=EID_1500_a0020g_0030_02_End>","-1","0","0","0","8","......"
"1005","","0","1","0","RID_FRHEAD_00050","","","<CB=SET_ACTOR_PAUSE_ON,1362>","","0","-1","1362","0","127","Oh, grazie mille!"
"","","0","1","0","RID_FRHEAD_00060","","","","","0","-1","1362","0","127","Ora posso tornare alla mia vita normale."
"","","0","1","0","EID_1500_a0107_0030_X","","","","","0","1362","1025","0","26","Questa è una delle malattie più strane che abbia mai visto."
"","","0","1","0","RID_FRHEAD_00070","","","","<CB=EID_1500_a0020g_0010_End>","0","-1","1362","0","127","Lo so. Per questo dobbiamo aiutare gli altri abitanti del villaggio, a ogni costo."
"1006","","0","1","0","RID_FRHEAD_00060","","","","","0","-1","1362","0","127","Ora posso tornare alla mia vita normale."
"","","0","1","0","EID_1500_a0107_0030_X","","","","","0","1362","1025","0","26","Questa è una delle malattie più strane che abbia mai visto."
"","","0","1","0","RID_FRHEAD_00070","","","","","0","-1","1362","0","127","Lo so. Per questo dobbiamo aiutare gli altri abitanti del villaggio, a ogni costo."
"1007","","0","2","0","EID_9999_NoSound","","","","","-1","0","0","0","74","......"
"","","0","1","0","EID_1599_a0108_0020_X","","","","","-1","0","-1","0","2","Anche questa persona sta sognando?"
"","","0","1","0","EID_1599_a0108_0030_X","","","","<CB=C_FOREST_FIELD_DREAM_CB_Start,0>","-1","0","0","0","26","Sembrerebbe di sì."
"1008","","0","1","0","EID_1599_a0108_0040_X","","","<CB=EID_1500_a0108_0010_SN>","","-1","0","-1","0","2","Non mi entusiasma l'idea di tornare nel mondo dei sogni. Mi fa accapponare la pelle."
"","","0","1","0","EID_1599_a0108_0050_X","","","","","-1","0","0","0","26","Forse dovresti passare meno tempo a lamentarti e più tempo a compiere la missione."
"","","0","1","0","EID_1599_a0108_0060_X","","","","<CB=LIB_SET_CLOSE_2D_GAUGE><LF><CB=BG_AND_ENV_FADE_OUT><LF><CB=CHANGE_WINDOW_SIZE,9,1363,1059>","-1","0","-1","0","2","Sì, sì..."
"1009","","0","1","0","EID_1500_a0112_0010_X","","","<CB=SET_ACTOR_PAUSE_ON,1363>","","-1","0","0","0","2","......"
"","","0","1","0","EID_1500_a0112_0020_X","","","","","-1","0","0","0","26","......"
"","","0","1","0","EID_1500_a0112_0030_X","","","","","-1","0","0","0","2","Hai qualcosa da dire al riguardo?"
"","","0","1","0","EID_1500_a0112_0040_X","","","","","-1","0","0","0","26","Speriamo non ci siano labirinti la prossima volta!"
"","","0","1","0","EID_1500_a0112_0050_X","","","","<CB=EID_1500_a0108_0010_End>","-1","0","0","0","2","Sono d'accordo."
"1010","","0","2","0","EID_1500_a0114_0010_X","","","","<CB=C_FOREST_FIELD_DREAM_CB_Start,1>","-1","0","0","0","26","Un'altra vittima... Questo è veramente un lavoro difficile."
"1011","","0","1","0","EID_1500_a0114_0020_X","","","","","-1","0","0","0","2","Pensavo che un libro come te fosse appassionato di parole, Weiss."
"","","0","1","0","EID_1500_a0114_0030_X","","","","<CB=LIB_SET_CLOSE_2D_GAUGE><LF><CB=BG_AND_ENV_FADE_OUT><LF><CB=CHANGE_WINDOW_SIZE,9,1364,1086>","-1","0","0","0","26","Anch'io ho i miei limiti! Ora andiamo."
"1012","","0","1","0","EID_1500_a0122_0010_X","","","<CB=SET_ACTOR_PAUSE_ON,1364>","","-1","0","0","0","26","......"
"","","0","1","0","EID_1500_a0122_0020_X","","","","","-1","0","0","0","2","È stato difficile."
"","","0","1","0","EID_1500_a0122_0030_X","","","","","-1","0","0","0","26","Sono sicuro di aver già visto quel luogo."
"","","0","1","0","EID_1500_a0122_0040_X","","","","<CB=EID_1500_a0118_0010_End>","-1","0","0","0","2","D'accordo, ora basta. Non diventare strano."
"1013","","0","1","0","EID_1500_a1025_0010_X","","","<CB=SET_ACTOR_PAUSE_ON,1364>","","-1","0","0","0","26","......"
"","","0","1","0","EID_1500_a1025_0020_X","","","","","-1","0","0","0","2","......"
"","","0","1","0","EID_1500_a1025_0030_X","","","","","-1","0","0","0","26","............"
"","","0","1","0","EID_1500_a1025_0040_X","","","","","-1","0","0","0","2","............"
"","","0","1","0","EID_1500_a1025_0050_X","","","","","-1","0","0","0","26","Abbiamo fallito."
"","","0","1","0","EID_1500_a1025_0060_X","","","","","-1","0","0","0","2","Già."
"","","0","1","0","EID_1500_a1025_0070_X","","","","","-1","0","0","0","26","La prossima volta dobbiamo stare più attenti."
"","","0","1","0","EID_1500_a1025_0080_X","","","","<CB=EID_1500_a0118_0010_Bad>","-1","0","0","0","2","Questo è il lavoro peggiore di sempre."
"1014","","0","1","0","EID_1500_a0200_0010_X","","","","","-1","0","0","0","2","Bene. Ora tutti gli abitanti del villaggio possono svegliarsi, vero?"
"","","0","1","0","EID_1500_a0200_0020_X","","","","","-1","0","0","0","26","Sì, se la teoria del sindaco era giusta."
"","","0","1","0","EID_1500_a0200_0030_X","","","","","-1","0","0","0","26","Ho risolto abbastanza giochi di parole da bastarmi per tutta la vita."
"","","0","1","0","EID_1500_a0200_0035_X","","","","","-1","0","0","0","2","Non dirlo a me. Ma ora andiamo dal sindaco."
"1015","","0","2","0","RID_FRHEAD_00080","","","","","0","-1","1362","0","127","Oh, grazie mille! Grazie mille!"
"","","0","1","0","RID_FRHEAD_00090","","","","<CB=EID_1500_a0200_020_Start>","0","-1","1362","0","127","Ho una cosa per voi. "
"1016","","0","1","0","EID_4500_a0400_0070_X","","","","","0","1362","-1","0","2","Davvero? Sembra molto costosa."
"","","0","1","0","RID_FRHEAD_00100","","","","","0","-1","1362","0","127","Ma certo!"
"","","0","1","0","RID_FRHEAD_00110","","","","","0","-1","1362","0","127","È un'arma di una certa fama, ma a noi non serve."
"","","0","1","0","EID_4500_a0400_0100_X","","","","","0","1362","-1","0","2","Beh, grazie di vero cuore."
"","","0","1","0","RID_FRHEAD_00120","","","","<CB=EID_1500_a0200_020_End>","0","-1","1362","0","127","Grazie ancora per tutto!"
"1017","","0","1","0","EID_4500_a0400_0050_X","","","","","-1","0","0","0","26","Non ne posso più di queste conversazioni infernali. Risparmiamocele per un'altra volta."
"1018","1019","1","1","0","NV_ID_1344","","","<CB=SET_ACTOR_PAUSE_ON,1362>","","-1","0","0","0","","Weiss: Aspetta un attimo. Ho una strana sensazione."
"","","1","1","0","EID_9999_NoSound","","","","","-1","0","0","0","","La voce di Weiss assunse un tono interrogativo."
"","","1","1","0","NV_ID_1348","","","","","-1","0","0","0","","Weiss: La mia NON era una domanda!"
"1019","1020","1","1","0","NV_ID_1350","","","","","-1","0","0","0","","<NIER>: Che succede?!"
"","","1","1","0","EID_9999_NoSound","","","","","-1","0","0","0","","Il corpo dell'abitante tremò mentre l'uomo apriva gli occhi."
"","","1","1","0","NV_ID_1354","","","","","-1","0","0","0","","Weiss: Forse dovremmo chiederlo a quest'uomo."
"1020","1021","1","1","0","NV_ID_1355","","","","","-1","0","0","0","","Abitante: Chi... siete?"
"","","1","1","0","NV_ID_1357","","","","","-1","0","0","0","","<NIER>: Il mio nome è <NIER>. Lui è Weiss. Abbiamo sentito che è successo qualcosa in questo villaggio e siamo venuti ad aiutare."
"","","1","1","0","EID_9999_NoSound","","","","","-1","0","0","0","","L'abitante fissò <NIER> e Weiss."
"1021","1022","1","1","0","NV_ID_1361","","","","","-1","0","0","0","","Abitante: Se mi state parlando..."
"","","1","1","0","NV_ID_1362","","","","","-1","0","0","0","","Abitante: Siete forse nel mio sogno?"
"","","1","1","0","NV_ID_1363","","","","","-1","0","0","0","","<NIER>: Cosa intendi?"
"1022","","1","1","0","EID_9999_NoSound","","","","","-1","0","0","0","","L'abitante del villaggio iniziò a spiegare."
"","","1","1","0","EID_9999_NoSound","","","","<CB=CHANGE_WINDOW_SIZE,2,1362,1023>","-1","0","0","0","","Nelle scorse settimane, una malattia misteriosa chiamata Oniromorte si è diffusa nella Foresta dei miti. Chiunque la contrae si addormenta e vive per sempre nel suo mondo onirico. <STOP>Il sindaco del villaggio ha stabilito che l'Oniromorte si diffonde attraverso la lingua parlata, ma prima di poter scoprire altro è stato colpito a sua volta dalla malattia."
"1023","1024","1","1","0","NV_ID_0002","","","<CB=SET_ACTOR_PAUSE_ON,1362>","","-1","0","0","0","","Weiss fissò il sindaco con la bocca contratta."
"","","1","1","0","NV_ID_0003","","","","","-1","0","0","0","","""Stai dicendo che siamo stati risucchiati nel tuo sogno?"" domandò."
"","","1","1","0","NV_ID_0004","","","","","-1","0","0","0","","""Beh, ecco... sì"", rispose il sindaco. ""Penso proprio di sì."""
"","","1","1","0","NV_ID_0005","","","","","-1","0","0","0","","""In altre parole"", disse <NIER>, ""abbiamo contratto l'Oniromorte?"""
"","","1","1","0","EID_9999_NoSound","","","","","-1","0","0","0","","Prima che il sindaco potesse confermare il sospetto di <NIER>, Weiss esplose di rabbia."
"","","1","1","0","NV_ID_0007","","","","","-1","0","0","0","","""Ridicolo! Assurdo! Impossibile e addirittura inconcepibile! Non ricordo neanche di essermi addormentato!"""
"","","1","1","0","NV_ID_0008","","","","","-1","0","0","0","","Il sindaco cercò di spiegare la situazione a Weiss."
"","","1","1","0","EID_9999_NoSound","","","","","-1","0","0","0","","""È così che funziona l'Oniromorte"", disse, cercando di ignorare le osservazioni del libro."
"","","1","1","0","NV_ID_0010","","","","","-1","0","0","0","","""Non ignorare le mie parole, vecchio pazzo!""<PAGE>"
"","","1","1","0","EID_9999_NoSound","","","","<CB=BG_AND_ENV_FADE_OUT>","-1","0","0","0","","Il sindaco cambiò discorso con grande imbarazzo e chiese a <NIER> chi avesse visto e di cosa avessero parlato da quando era arrivato al villaggio."
"1024","","1","1","0","NV_ID_0012","","","","","-1","0","0","0","","""Per farvi entrare nel mio sogno, dev'essere di certo successo qualcosa"", spiegò il sindaco. ""Una certa conversazione, una parola specifica... qualunque cosa!"""
"","","1","1","0","EID_9999_NoSound","","","","","-1","0","0","0","","<NIER> e Weiss ci pensarono su, ma non ricordarono nulla. Troppe parole erano state pronunciate durante così tante chiacchiere insensate e conversazioni inutili.<PAGE>"
"","","1","1","0","NV_ID_0014","","","","","-1","0","0","0","","""Grimoire Weiss non si fa mai coinvolgere in conversazioni inutili!"""
"","","1","1","0","EID_9999_NoSound","","","","","-1","0","0","0","","Weiss sembrava offeso alla sola idea di non aver scelto attentamente le sue parole."
"","","1","1","0","NV_ID_0016","","","","","-1","0","0","0","","""Altro che offeso, narratore da strapazzo! L'idea mi ha umiliato profondamente!"""
"","","1","1","0","EID_9999_NoSound","","","","","-1","0","0","0","","Irritato, Weiss alzò gli occhi al cielo, come se le risposte che cercava si trovassero lì."
"","","1","1","0","NV_ID_0018","","","","","-1","0","0","0","","""Non ho fatto niente del genere! Lasciami in pace!"""
"","","1","1","0","EID_9999_NoSound","","","","<CB=CHANGE_WINDOW_SIZE,9,1362,1025>","-1","0","0","0","","La rabbia nelle sue parole contagiò anche <NIER>."
"1025","1026","1","1","0","EID_9999_NoSound","","","<CB=SET_ACTOR_PAUSE_ON,1362>","","-1","0","0","0","","""Aspettate"", disse <NIER> all'improvviso. ""Qualcuno ha parlato di contagio?"""
"","","1","1","0","EID_9999_NoSound","","","","","-1","0","0","0","","""Sì. E quindi?"""
"","","1","1","0","EID_9999_NoSound","","","","","-1","0","0","0","","""Beh, l'abitante del villaggio ci ha detto di fare attenzione alle parole contagiose!"""
"","","1","1","0","EID_9999_NoSound","","","","","-1","0","0","0","","Il sindaco si sporse ad ascoltare con interesse, spingendo da parte un Weiss sorpreso."
"","","1","1","0","EID_9999_NoSound","","","","","-1","0","0","0","","""Deve aver detto <FONT=ITALIC>qualcosa</FONT>, vero?"" disse il sindaco. ""Qualche combinazione specifica di parole? Ti ricordi?""<PAGE>"
"","","1","1","0","EID_9999_NoSound","","","","","-1","0","0","0","","""Era qualcosa sul sognare, o qualcosa che sogna o...<LF>Oh, ma come diavolo era?"""
"","","1","1","0","EID_9999_NoSound","","","","","-1","0","0","0","","""Una pecora?!"" urlò Weiss all'improvviso, dicendo la prima cosa che gli venne in mente. "
"","","1","1","0","EID_9999_NoSound","","","","","-1","0","0","0","","Gli altri lo fissarono per un momento prima di scuotere lentamente il capo. <STOP>Dopo averci pensato un po', il viso di <NIER> si illuminò."
"","","1","1","0","EID_9999_NoSound","","","","","-1","0","0","0","","""Mi ricordo!"" disse. ""Quelli che sognano, ha detto. Ne sono certo."""
"","","1","1","0","EID_9999_NoSound","","","","","-1","0","0","0","","Alle sue parole, il sindaco tirò fuori uno spesso fascio di fogli dalla tasca. Li sfogliò un paio di volte prima di assentire in direzione di <NIER>.<PAGE>"
"","","1","1","0","EID_9999_NoSound","","","","","-1","0","0","0","","""Sembra corretto"", disse, lasciando cadere un foglio a terra. ""Ho scritto quella frase anche nei miei appunti. Scommetto che è stata l'ultima cosa che avete sentito prima di addormentarvi."""
"1026","1027","1","1","0","EID_9999_NoSound","","","","","-1","0","0","0","","Il sindaco scosse la testa, mentre con una matita consumata tracciava alcune linee su un foglio.<PAGE>"
"","","1","1","0","EID_9999_NoSound","","","","","-1","0","0","0","","""È un mese che studio l'Oniromorte"", disse. <STOP>""Sono il sindaco, sapete? È il mio lavoro proteggere gli abitanti del villaggio dai pericoli. Ma non era mai successo che due forestieri entrassero nei sogni della gente."" <STOP>Il sindacò si fermò accigliato. ""Probabilmente, dovrei prendere appunti.""<PAGE>"
"","","1","1","0","EID_9999_NoSound","","","","","-1","0","0","0","","Weiss prese immediatamente la parola."
"","","1","1","0","EID_9999_NoSound","","","","","-1","0","0","0","","""Sono impressionato dalla sua forza di volontà: compiere una ricerca su una malattia in sogno dev'essere difficile. Tuttavia, suggerirei di concentrarci su come possiamo scappare di qui, invece di cercare di capirla."""
"1027","1028","1","1","0","EID_9999_NoSound","","","<CB=snow_Weapon_Appear_Change>","","-1","0","0","0","","Il sindaco strinse la matita così forte che la spezzò.<PAGE>"
"","","1","1","0","EID_9999_NoSound","","","","","-1","0","0","0","","""Ho provato a scappare. <STOP>Sto cercando di uscire dal momento in cui ho capito di essere intrappolato nei miei sogni... ma non penso sia possibile. <STOP>Questo è il <FONT=ITALIC>mio</FONT> sogno! Se ci fosse un'uscita, la conoscerei."""
"","","1","1","0","EID_9999_NoSound","","","","","-1","0","0","0","","S'interruppe per un secondo, lo sguardo perso nel vuoto.<PAGE>"
"","","1","1","0","EID_9999_NoSound","","","","","-1","0","0","0","","""Il mio villaggio era bellissimo"", disse a nessuno in particolare. ""E ci abitavano le persone più meravigliose che avessi mai sperato di incontrare. <STOP>Ma quando si diffuse la malattia, le cose... cambiarono. Come se qualcuno avesse lavato via tutto il colore dalla nostra vita. <STOP>Voglio sentirmi di nuovo completo. Voglio che siamo liberi. <STOP>E non mi fermerò fino a quando non succederà."""
"1028","1029","1","1","0","EID_9999_NoSound","","","","","-1","0","0","0","","<NIER> annuì."
"","","1","1","0","EID_9999_NoSound","","","","","-1","0","0","0","","""Eh? Un momento, non ho annuito..."""
"","","1","1","0","EID_9999_NoSound","","","","","-1","0","0","0","","""Se possiamo esserti d'aiuto, basta chiedere"", disse <NIER>."
"","","1","1","0","EID_9999_NoSound","","","","","-1","0","0","0","","""Aspetta un attimo! <FONT=ITALIC>Non</FONT> ho detto niente del genere!""<PAGE>"
"","","1","1","0","EID_9999_NoSound","","","","","-1","0","0","0","","""Silenzio!"" urlò Weiss."
"","","1","1","0","EID_9999_NoSound","","","","","-1","0","0","0","","Il libro osservò <NIER> e il sindaco con sicurezza."
"","","1","1","0","EID_9999_NoSound","","","","","-1","0","0","0","","""Grimoire Weiss è sempre sicuro di sé, grazie tante! <STOP>Ora, sindaco... ci hai appena detto che niente che tu non conosca esiste nel tuo sogno. <STOP>Ma sembravi sorpreso quando ci hai visti arrivare, eh?""<PAGE>"
"1029","1030","1","1","0","EID_9999_NoSound","","","","","-1","0","0","0","","Il sindaco sollevò la testa, sconvolto."
"","","1","1","0","EID_9999_NoSound","","","","","-1","0","0","0","","""Oh, cielo! Hai ragione. Hai <FONT=ITALIC>ragione</FONT>! Non sapevo che sareste venuti!"""
"","","1","1","0","EID_9999_NoSound","","","","","-1","0","0","0","","""L'immaginazione umana non ha limiti e viene alimentata dai sogni"", disse Weiss. ""Se puoi immaginare un'uscita, allora dovrà per forza esistere. <STOP>Con il tuo permesso, andremo a cercarla."""
"","","1","1","0","EID_9999_NoSound","","","","","-1","0","0","0","","""Grazie"", disse il sindaco. ""Non so come sdebitarmi."""
"1030","1031","1","1","0","EID_9999_NoSound","","","","","-1","0","0","0","","""Nessuna ricompensa. Siamo impazienti di uscire quanto te."""
"","","1","1","0","EID_9999_NoSound","","","","","-1","0","0","0","","Il sindaco percepì il peso della preoccupazione scivolargli di dosso. Ora si sentiva leggero."
"","","1","1","0","EID_9999_NoSound","","","<CB=BGM_C_FOREST_FIELD_FO>","","-1","0","0","0","","""Buona fortuna a entrambi!"" urlò mentre <NIER> e Weiss si allontanavano. ""Contiamo su di voi!""<PAGE>"
"","","1","1","0","EID_9999_NoSound","","","","","-1","0","0","0","","Mentre <NIER> scompariva nella foresta nebbiosa, il sindaco fu colpito da un déjà-vu. "
"","","1","1","0","EID_9999_NoSound","","","","","-1","0","0","0","","<FONT=ITALIC>Ho già visto quell'uomo,</FONT> pensò. <FONT=ITALIC>Ma dove...?</FONT>"
"1031","1032","1","1","0","EID_9999_NoSound","","","<CB=BGM_EID_1500_a0020g_0010_01_FO>","","-1","0","0","0","","L'umore di <NIER> diventava sempre più nero man mano che si inoltrava nella foresta. <STOP>Ore prima, la bellezza di quel nuovo luogo lo aveva convinto che avrebbe potuto attraversarlo, trovare l'uscita ed essere a casa per cena.  "
"","","1","1","0","EID_9999_NoSound","","","","","-1","0","0","0","","Ma più si addentrava, più la foresta si chiudeva intorno a lui. La nebbia impediva la visuale e le rocce muschiose erano un pericolo continuo per le sue caviglie. <STOP>Più di una volta, fu costretto a reggersi agli alberi e ora le sue mani lasciavano una scia di sangue ovunque toccassero.<PAGE>"
"","","1","1","0","EID_9999_NoSound","","","","","-1","0","0","0","","In più, Weiss si era dimostrato un pessimo compagno di viaggio. Incurante del terreno o dello sforzo, aveva passato il tempo a domandare a <NIER> di allungare il passo, lamentandosi della sua lentezza.<PAGE>"
"","","1","1","0","EID_9999_NoSound","","","","","-1","0","0","0","","Alla fine, dopo un commento sussurrato di Weiss su tartarughe storpie dalla camminata più lesta, <NIER> esplose. <STOP>""Tappati la bocca, Weiss! Non sei tu quello che deve camminare!""<PAGE>"
"1032","1033","1","1","0","EID_9999_NoSound","","","","","-1","0","0","0","","<NIER> si appoggiò a un albero, cercando di stirare la schiena dolorante. ""Com'è possibile che la foresta sia così grande?"" borbottò.<PAGE>"
"","","1","1","0","EID_9999_NoSound","","","","","-1","0","0","0","","Appena pronunciate queste parole, una cacofonia di insetti si alzò in volo. <STOP>Il rumore insopportabile di ronzii, schiocchi e sibili era così forte da fargli vibrare i denti."
"","","1","1","0","EID_9999_NoSound","","","","","-1","0","0","0","","<NIER> si coprì le orecchie e urlò per farsi sentire. ""Weiss! Cosa sta succedendo?"""
"","","1","1","0","EID_9999_NoSound","","","<CB=BGM_C_FOREST_FIELD_FO>","","-1","0","0","0","","<NIER> vedeva la bocca di Weiss muoversi, ma sembrava stesse urlando dentro un tornado. <STOP>Gli insetti urlavano. La foresta ululava. <STOP>E proprio nel momento in cui i timpani di <NIER> stavano per esplodere, il rumore si smorzò. <STOP>Con cautela, l'uomo tolse la mano dall'orecchio sinistro e ascoltò le creature della foresta."
"1033","1034","1","1","0","EID_9999_NoSound","","","","","-1","0","0","0","","<FONT=ITALIC>Zzz! Zzz! Zzz! Zzz!</FONT>"
"","","1","1","0","EID_9999_NoSound","","","","","-1","0","0","0","","<FONT=ITALIC>Fr-r-r-r! Fr-r-r-r! Fr-r-r-r!</FONT>"
"","","1","1","0","EID_9999_NoSound","","","","","-1","0","0","0","","<FONT=ITALIC>Chk-chk-ciii! Chk-chk-ciii! Chk-chk-ciii!</FONT>"
"","","1","1","0","EID_9999_NoSound","","","","","-1","0","0","0","","<FONT=ITALIC>Wuu-wuu-wuum! Wuu-wuu-wuum!</FONT>"
"","","1","1","0","EID_9999_NoSound","","","","","-1","0","0","0","","<FONT=ITALIC>Shik-shik-siiik! Shik-shik-siiik! Shik-shik-siiik!</FONT><PAGE>"
"","","1","1","0","EID_9999_NoSound","","","","","-1","0","0","0","","Quando quella sinfonia di versi diminuì ulteriormente, <NIER> iniziò a notare un suono ripetuto. <FONT=ITALIC>Non è casuale,</FONT> pensò. <FONT=ITALIC>Non è semplice rumore. È... qualcos'altro.</FONT>"
"","","1","1","0","EID_9999_NoSound","","","<CB=BGM_EID_1500_a0020g_0010_02_FO>","","-1","0","0","0","","Gli insetti non gridavano inutilmente: stavano facendo una domanda."
"1034","1035","1","1","0","EID_9999_NoSound","","","","","-1","0","0","0","","<FONT=ITALIC>Da soli non è abbastanza. In due è l'ideale.<LF>In tre diventa pericoloso. Che cos'è?</FONT>"
"","","1","1","0","EID_9999_NoSound","","","","","-1","0","0","0","","""Per le mie illustri pagine! È un indovinello?"""
"","","1","1","0","EID_9999_NoSound","","","","","-1","0","0","0","","""Immagino di sì. Sembra forzato, ma potrebbe essere la chiave per uscire di qui."""
"","","1","1","0","EID_9999_NoSound","","","","","-1","0","0","0","","""Allora ti lascio rispondere!"""
"1035","","1","1","0","EID_9999_NoSound","","","","","-1","0","0","0","","<FONT=ITALIC>Da soli non è abbastanza. In due è l'ideale.<LF>In tre diventa pericoloso. Che cos'è?</FONT>"
"","","1","1","0","EID_9999_NoSound","","","","","-1","0","0","0","","<LIST=1038>""La risposta è... un segreto.""</LIST><LF><LIST=1036>""La risposta è... un'altalena.""</LIST><LF><LIST=1037>""E io che ne so?!""</LIST>"
"1036","1034","1","1","0","EID_9999_NoSound","","","","","-1","0","0","0","","""Qualcosa che è l'ideale con due persone, ma pericoloso con tre..."""
"","","1","1","0","EID_9999_NoSound","","","","","-1","0","0","0","","""Oh! È un'altalena!"""
"","","1","1","0","EID_9999_NoSound","","","","","-1","0","0","0","","La bocca di Weiss si spalancò ma, prima che potesse dire qualcosa, il mondo vacillò.<PAGE>"
"","","1","1","0","EID_9999_NoSound","","","","","-1","0","0","0","","<FONT=ITALIC>Friii-friii-uaaaa! Friii-friii-uaaaa!</FONT>"
"","","1","1","0","EID_9999_NoSound","","","","","-1","0","0","0","","<FONT=ITALIC>Shik-shik-kiii! Shik-shik-kiii! Shik-shik-kiii!</FONT>"
"","","1","1","0","EID_9999_NoSound","","","","","-1","0","0","0","","Quando <NIER> rinvenne, era ancora circondato dal rumore degli insetti."
"","","1","1","0","EID_9999_NoSound","","","","","-1","0","0","0","","I suoni emessi dagli insetti creavano parole. Parole che lui aveva già sentito da qualche parte..."
"1037","1034","1","1","0","EID_9999_NoSound","","","","","-1","0","0","0","","""E io che ne so?!"""
"","","1","1","0","EID_9999_NoSound","","","","","-1","0","0","0","","La bocca di Weiss si spalancò ma, prima che potesse dire qualcosa, il mondo vacillò.<PAGE>"
"","","1","1","0","EID_9999_NoSound","","","","","-1","0","0","0","","<FONT=ITALIC>Friii-friii-uaaaa! Friii-friii-uaaaa!</FONT>"
"","","1","1","0","EID_9999_NoSound","","","","","-1","0","0","0","","<FONT=ITALIC>Shik-shik-kiii! Shik-shik-kiii! Shik-shik-kiii!</FONT>"
"","","1","1","0","EID_9999_NoSound","","","","","-1","0","0","0","","Quando <NIER> rinvenne, era ancora circondato dal rumore degli insetti."
"","","1","1","0","EID_9999_NoSound","","","","","-1","0","0","0","","I suoni emessi dagli insetti creavano parole. Parole che lui aveva già sentito da qualche parte..."
"1038","1039","1","1","0","EID_9999_NoSound","","","","","-1","0","0","0","","Indispettito che Weiss gli avesse lasciato quell'arduo compito, <NIER> sospirò e diede l'unica risposta che avesse senso."
"","","1","1","0","EID_9999_NoSound","","","","","-1","0","0","0","","""È un segreto. <STOP>Vero?"""
"1039","1040","1","1","0","EID_9999_NoSound","","","<CB=BGM_C_FOREST_FIELD_FO>","","-1","0","0","0","","Il suono degli insetti cessò com'era iniziato, all'improvviso. Il sottobosco si aprì davanti a <NIER> come un'onda, creando un nuovo sentiero."
"","","1","1","0","EID_9999_NoSound","","","","","-1","0","0","0","","""Gli artropodi della foresta stanno creando un sentiero per noi!"" disse Weiss esultante."
"","","1","1","0","EID_9999_NoSound","","","","","-1","0","0","0","","Felice di aver superato la prova, <NIER> si incamminò con rinnovato fervore."
"","","1","1","0","EID_9999_NoSound","","","<CB=BGM_EID_1500_a0020g_0010_01_FO>","","-1","0","0","0","","Il sentiero era più regolare del sottobosco e questo lo rinfrancava sia nel corpo che nell'animo: finché ci fosse stato un sentiero, avrebbero avuto uno scopo."
"","","1","1","0","EID_9999_NoSound","","","","","-1","0","0","0","","""Sembra che la foresta ci abbia accettati, eh?"" disse <NIER> dopo un po'."
"","","1","1","0","EID_9999_NoSound","","","","","-1","0","0","0","","Weiss si girò verso il compagno."
"","","1","1","0","EID_9999_NoSound","","","","","-1","0","0","0","","""La foresta non è un animaletto che puoi addestrare! Non sappiamo dove ci porterà questo sentiero!"""
"1040","1041","1","1","0","EID_9999_NoSound","","","","","-1","0","0","0","","Appena pronunciate queste parole, si ritrovarono davanti a una sorgente limpida. Sorridendo, <NIER> raccolse un sassolino e lo fece rimbalzare sulla superficie dell'acqua."
"","","1","1","0","EID_9999_NoSound","","","","","-1","0","0","0","","""Santo cielo..."" esclamò Weiss."
"","","1","1","0","EID_9999_NoSound","","","","","-1","0","0","0","","La sua sorpresa era comprensibile. Ogni volta che il sasso toccava la superficie dell'acqua, nell'aria risuonava una nota musicale. <STOP>Quando il sasso affondò, le increspature si unirono a formare delle parole."
"1041","","1","1","0","EID_9999_NoSound","","","<CB=BGM_EID_1500_a0020g_0010_02>","","-1","0","0","0","","<FONT=ITALIC>Entro dalla finestra senza rompere il vetro.<LF>Quando è notte, scompaio. Cosa sono?</FONT>"
"","","1","1","0","EID_9999_NoSound","","","","","-1","0","0","0","","""È facilissimo!"" esclamò Weiss. ""Rispondi tu."""
"","","1","1","0","EID_9999_NoSound","","","","","-1","0","0","0","","<NIER> si fece forza per non strangolare il compagno. <FONT=ITALIC>In fondo, ha ragione. È molto facile.</FONT>"
"","","1","1","0","EID_9999_NoSound","","","","","-1","0","0","0","","<FONT=ITALIC>Entro dalla finestra senza rompere il vetro.<LF>Quando è notte, scompaio. Cosa sono?</FONT><LF>"
"","","1","1","0","EID_9999_NoSound","","","","","-1","0","0","0","","<LIST=1042>""Un uccello!""</LIST><LF><LIST=1043>""Una lettera!""</LIST><LF><LIST=1044>""La luce del sole!""</LIST>"
"1042","1041","1","1","0","EID_9999_NoSound","","","","","-1","0","0","0","","""Un uccello!"""
"","","1","1","0","EID_9999_NoSound","","","","","-1","0","0","0","","Weiss emise un lamento e si accasciò a terra."
"","","1","1","0","EID_9999_NoSound","","","","","-1","0","0","0","","""Neanche <FONT=ITALIC>tu</FONT> sei così stupido da sbagliare una domanda così facile!"""
"","","1","1","0","EID_9999_NoSound","","","","","-1","0","0","0","","""Hai ragione"", disse <NIER>. ""Non aveva molto senso, vero?"""
"1043","1041","1","1","0","EID_9999_NoSound","","","","","-1","0","0","0","","""Una lettera!"""
"","","1","1","0","EID_9999_NoSound","","","","","-1","0","0","0","","""Come hai ragione!"" esclamò Weiss. ""Sono così stufo delle lettere a cui spuntano delle gambe e che scappano dalla mia stanza nel cuore della notte!"""
"","","1","1","0","EID_9999_NoSound","","","","","-1","0","0","0","","""Oh, sì. Non aveva molto senso, vero?"""
"","","1","1","0","EID_9999_NoSound","","","","","-1","0","0","0","","Weiss voltò le spalle a <NIER> e sfogliò le sue pagine tristemente."
"","","1","1","0","EID_9999_NoSound","","","","","-1","0","0","0","","""Forse avrei dovuto rispondere <FONT=ITALIC>io</FONT>!"""
"1044","1045","1","1","0","EID_9999_NoSound","","","","","-1","0","0","0","","""La luce del sole!"""
"","","1","1","0","EID_9999_NoSound","","","<CB=BGM_EID_1500_a0020g_0010_01>","","-1","0","0","0","","Un getto d'acqua eruppe dalla fonte. La luce del sole filtrò dagli alberi e si riflesse sull'acqua, creando un arcobaleno scintillante lungo tutto l'orizzonte."
"","","1","1","0","EID_9999_NoSound","","","","","-1","0","0","0","","""In tutta la mia vita, non ho mai visto niente di così bello"" mormorò Weiss."
"","","1","1","0","EID_9999_NoSound","","","","","-1","0","0","0","","""Forse davvero questo luogo ci ha preso in simpatia.""<PAGE>"
"","","1","1","0","EID_9999_NoSound","","","","","-1","0","0","0","","""Ehi, guarda!"" esclamò <NIER>, distogliendo l'attenzione di Weiss dallo spettacolo. ""C'è una casa laggiù!"""
"","","1","1","0","EID_9999_NoSound","","","","","-1","0","0","0","","Guardando nella direzione indicata dall'amico, Weiss scorse una casupola tra gli alberi."
"1045","1046","1","1","0","EID_9999_NoSound","","","","","-1","0","0","0","","""Che strano, Weiss! Chi costruirebbe una casa così isolata?"""
"","","1","1","0","EID_9999_NoSound","","","","","-1","0","0","0","","<NIER> si avvicinò e bussò alla porta. Dopo un minuto abbondante, la porta si aprì e un omino mise la testa fuori dall'uscio. Il suo corpo era completamente nascosto da un mantello nero e la sua faccia era oscurata dalla nebbia.<PAGE>"
"","","1","1","0","EID_9999_NoSound","","","","","-1","0","0","0","","""Mmm..."" cominciò <NIER>. Ma prima che potesse continuare, l'uomo fece un cenno e iniziò a parlare."
"","","1","1","0","EID_9999_NoSound","","","<CB=BGM_EID_1500_a0020g_0010_03>","","-1","0","0","0","","<FONT=ITALIC>Al mattino cammino su quattro gambe, al pomeriggio su due, alla sera su tre. Cosa sono?</FONT>"
"","","1","1","0","EID_9999_NoSound","","","","","-1","0","0","0","","<NIER> cercò di chiedere all'uomo chi fosse e cosa ci facesse lì, ma lui continuava a ripetergli l'indovinello. "
"","","1","1","0","EID_9999_NoSound","","","","","-1","0","0","0","","""Se vogliamo parlargli, dobbiamo rispondere al suo indovinello"", disse Weiss."
"","","1","1","0","EID_9999_NoSound","","","","","-1","0","0","0","","""Hai ragione"", disse <NIER>. ""Almeno questo è facile."""
"1046","","1","1","0","EID_9999_NoSound","","","","","-1","0","0","0","","<FONT=ITALIC>Al mattino cammino su quattro gambe, al pomeriggio<LF>su due, alla sera su tre. Cosa sono?</FONT>"
"","","1","1","0","EID_9999_NoSound","","","","","-1","0","0","0","","<LIST=1049>""L'uomo.""</LIST><LF><LIST=1047>""Un demone.""</LIST><LF><LIST=1048>""Un angelo.""</LIST>"
"1047","1046","1","1","0","EID_9999_NoSound","","","","","-1","0","0","0","","""Un demone."""
"","","1","1","0","EID_9999_NoSound","","","","","-1","0","0","0","","Appena detto ciò, la foresta iniziò a roteare intorno a loro. <STOP>Le foglie ingiallirono e caddero dagli alberi. I rami appassirono, morendo, e l'erba verde si trasformò in cenere."
"","","1","1","0","EID_9999_NoSound","","","","","-1","0","0","0","","All'improvviso, un demone gigantesco apparve davanti a <NIER> ruggendo spaventosamente. "
"","","1","1","0","EID_9999_NoSound","","","","","-1","0","0","0","","""Sbagliato! Riprova!"""
"1048","1046","1","1","0","EID_9999_NoSound","","","","","-1","0","0","0","","""Un angelo."""
"","","1","1","0","EID_9999_NoSound","","","","","-1","0","0","0","","Appena detto ciò, <NIER> fu ricoperto da una nevicata di candide piume bianche."
"","","1","1","0","EID_9999_NoSound","","","","","-1","0","0","0","","Una sensazione di benessere lo pervase, mentre una creatura di inimmaginabile bellezza si materializzava di fronte a lui."
"","","1","1","0","EID_9999_NoSound","","","","","-1","0","0","0","","<NIER> non riuscì a trattenere le lacrime quando la creatura parlò."
"","","1","1","0","EID_9999_NoSound","","","","","-1","0","0","0","","""Hai commesso un errore. Tenta ancora una volta."""
"1049","1050","1","1","0","EID_9999_NoSound","","","","","-1","0","0","0","","""L'uomo."""
"1050","1051","1","1","0","EID_9999_NoSound","","","<CB=BGM_EID_1500_a0020g_0010_01>","","-1","0","0","0","","La nebbia che avvolgeva la figura incappucciata svanì e proferì un'unica parola:"
"","","1","1","0","EID_9999_NoSound","","","","","-1","0","0","0","","""Esatto."""
"","","1","1","0","EID_9999_NoSound","","","","","-1","0","0","0","","Detto ciò, l'uomo si tolse il mantello rivelando la sua vera identità."
"","","1","1","0","EID_9999_NoSound","","","","","-1","0","0","0","","""Sei... il sindaco!"" esclamò <NIER>."
"","","1","1","0","EID_9999_NoSound","","","","","-1","0","0","0","","L'omino scosse la testa."
"","","1","1","0","EID_9999_NoSound","","","","","-1","0","0","0","","""Non sono il sindaco che conoscete. Ora ascoltate le mie parole: <STOP>Tempo fa, ho visto una versione di te che non eri tu."""
"","","1","1","0","EID_9999_NoSound","","","","","-1","0","0","0","","""Eh? Non capisco. Cosa significa?"""
"","","1","1","0","EID_9999_NoSound","","","","","-1","0","0","0","","""Con il tempo capirai. Ora, voglio solo congratularmi con te per aver risolto il mistero dell'Oniromorte. Ora dovete tornare dall'uomo all'entrata della foresta."""
"1051","1052","1","1","0","EID_9999_NoSound","","","","","-1","0","0","0","","Detto ciò, l'uomo rientrò in casa sbattendosi la porta alle spalle. Davanti agli occhi di <NIER>, la nebbia salì dal terreno e avvolse la casupola, facendola scomparire."
"1052","1053","1","1","0","EID_9999_NoSound","","","","","-1","0","0","0","","Quando <NIER> e Weiss tornarono all'ingresso della foresta, trovarono il sindaco appoggiato a un albero. <STOP>Appena li vide, scattò in piedi e corse verso di loro."
"","","1","1","0","EID_9999_NoSound","","","","","-1","0","0","0","","""Santi numi!"" esclamò. ""Ce l'avete fatta! Ce l'avete fatta davvero!"""
"","","1","1","0","EID_9999_NoSound","","","","","-1","0","0","0","","Con la mano sinistra afferrò quella di <NIER> scuotendola talmente forte da rischiare di staccargliela dal braccio e con la destra agguantò la copertina di Weiss sbatacchiandolo nell'aria.<PAGE>"
"","","1","1","0","EID_9999_NoSound","","","","","-1","0","0","0","","""Basta, vecchio pazzo! Smettila di scuotermi! Non sai se ce l'abbiamo fatta oppure no!"""
"","","1","1","0","EID_9999_NoSound","","","","","-1","0","0","0","","Il sindaco sorrise entusiasticamente e scosse la testa."
"","","1","1","0","EID_9999_NoSound","","","","","-1","0","0","0","","""Sono solo felice che siate vivi! Non pensavo di rivedervi."""
"","","1","1","0","EID_9999_NoSound","","","","","-1","0","0","0","","Con un sorriso, <NIER> riuscì a sottrarre la mano dalla stretta del sindaco."
"","","1","1","0","EID_9999_NoSound","","","","","-1","0","0","0","","""Abbiamo spezzato il sigillo dell'Oniromorte,"" disse. ""Almeno, credo.""<PAGE>"
"","","1","1","0","EID_9999_NoSound","","","","","-1","0","0","0","","Il sindaco si illuminò mentre <NIER> gli raccontava i dettagli. "
"","","1","1","0","EID_9999_NoSound","","","","","-1","0","0","0","","Quando finì il racconto, il trio si sdraiò sul terreno addormentandosi."
"1053","1054","1","1","0","EID_9999_NoSound","","","","","-1","0","0","0","","<NIER> sollevò la testa."
"1054","1055","1","1","0","EID_9999_NoSound","","","","","-1","0","0","0","","""Aspettate un attimo, perché dovremmo sdraiarci e dormire? È da pazzi!"""
"","","1","1","0","EID_9999_NoSound","","","","","-1","0","0","0","","""Smettetela di lamentarvi e andate a dormire, sciocchi! Non si possono mettere in discussione le regole di questo luogo."""
"","","1","1","0","EID_9999_NoSound","","","","","-1","0","0","0","","<NIER> e il sindaco si stesero diligentemente sull'erba."
"","","1","1","0","EID_9999_NoSound","","","","","-1","0","0","0","","""Vi siete già dimenticati?"" continuò Weiss. ""Sono le parole che controllano l'Oniromorte, che ci permettono di spostarci da un luogo a un altro. <STOP>Per quanto sembrino innaturali, le parole sono assolute. Quindi, se le parole ci dicono di dormire, dobbiamo dormire. <STOP>E quando lo faremo, la storia continuerà."""
"1055","","1","1","0","EID_9999_NoSound","","","","","-1","0","0","0","","Detto questo, i tre sentirono gli occhi pesanti e il respiro rallentare."
"","","1","1","0","EID_9999_NoSound","","","","","-1","0","0","0","","""Questa è la prima volta..."" iniziò il sindaco. ""La prima volta che mi sento stanco... da quando sono... imprigionato qui..."""
"","","1","1","0","EID_9999_NoSound","","","","","-1","0","0","0","","Le parole furono interrotte da un grande sbadiglio e poi l'uomo non si ricordò più niente.<PAGE>"
"","","1","1","0","EID_9999_NoSound","","","","<CB=BG_AND_ENV_FADE_IN><LF><CB=CHANGE_WINDOW_SIZE,2,1362,1056>","-1","0","0","0","","Potrebbero aver dormito un'ora o un anno. <STOP>Quando si svegliarono, le cose intorno a loro sembravano più reali. La nebbia più pesante, le foglie più verdi... Si erano svegliati dal sogno."
"1056","1057","1","1","0","EID_9999_NoSound","","","<CB=SET_ACTOR_PAUSE_ON,1362>","","-1","0","0","0","","<NIER> scosse delicatamente il sindaco. ""Buone notizie"", disse. ""Ce l'abbiamo fatta."""
"","","1","1","0","EID_9999_NoSound","","","","","-1","0","0","0","","""Oh, fantastico!"" disse meravigliato il sindaco. ""Ci siamo riusciti. Siamo tornati."" L'uomo sbatté gli occhi più volte, come se non credesse davvero a ciò che stava vedendo."
"","","1","1","0","EID_9999_NoSound","","","","","-1","0","0","0","","""Non avete idea di cosa significhi per noi.""<PAGE>"
"","","1","1","0","EID_9999_NoSound","","","","","-1","0","0","0","","""L'Oniromorte si stava diffondendo in tutto il villaggio e io volevo... Beh, pensavo di poter capire come fermarla, ma non è stato così. Devo aver contratto la malattia ed essere stato intrappolato nel mio sogno."""
"","","1","1","0","EID_9999_NoSound","","","","","-1","0","0","0","","Il sindaco cercò di alzarsi, ma cadde rovinosamente a terra. Fissò le sue gambe come per cercare di capire come funzionassero, poi si girò verso <NIER>. <STOP>Senza una parola, il giovane afferrò il sindaco e lo aiutò a mettersi in piedi."
"","","1","1","0","EID_9999_NoSound","","","","","-1","0","0","0","","""Dovrò riabituarmi alla vita vera"", disse il sindaco con un sorriso ironico.<PAGE>"
"","","1","1","0","EID_9999_NoSound","","","","","-1","0","0","0","","""Non ci metterai molto, ne sono certo"", lo rassicurò Weiss. ""Ora, però, dovresti tornare a casa e riposare."""
"","","1","1","0","EID_9999_NoSound","","","","","-1","0","0","0","","""No"", disse il sindaco barcollando. ""No, non posso."""
"1057","1058","1","1","0","EID_9999_NoSound","","","","","-1","0","0","0","","""Alcuni abitanti del villaggio sono ancora intrappolati nell'Oniromorte. Devo salvarli."""
"","","1","1","0","EID_9999_NoSound","","","","","-1","0","0","0","","Il sindaco si avviò lentamente verso l'Albero divino al centro del villaggio, chinò la testa e iniziò a pregare."
"","","1","1","0","EID_9999_NoSound","","","","","-1","0","0","0","","""Quest'albero è sacro"", spiegò a preghiera finita. ""È il custode della storia e dei ricordi del nostro villaggio."""
"","","1","1","0","EID_9999_NoSound","","","","","-1","0","0","0","","""Le superstizioni rendono la nostra missione più difficile"", bisbigliò Weiss. ""Non dovremmo riporre la nostra fede negli dei."""
"","","1","1","0","EID_9999_NoSound","","","","","-1","0","0","0","","Il sindaco scosse la testa. ""Non negli dei: nelle parole. Le leggende narrano che il nostro albero sia la dimora di una magia potente conosciuta come Verso sigillato."""
"","","1","1","0","EID_9999_NoSound","","","","","-1","0","0","0","","<NIER> e Weiss non riuscirono a contenere la sorpresa: avevano raggiunto un obiettivo nel luogo più impensabile.<PAGE>"
"","","1","1","0","EID_9999_NoSound","","","","","-1","0","0","0","","""Direi che questo è un vero colpo di fortuna"", disse Weiss."
"","","1","1","0","EID_9999_NoSound","","","","","-1","0","0","0","","Mentre i tre si salutavano, <NIER> menzionò lo strano uomo del terzo indovinello e le sue ultime misteriose parole."
"1058","","1","1","0","EID_9999_NoSound","","","","","-1","0","0","0","","""Tempo fa, ho visto una versione di te che non eri tu?"" ripeté il sindaco. ""Che cosa diavolo significa?"""
"","","1","1","0","EID_9999_NoSound","","","","","-1","0","0","0","","Rifletté profondamente, con lo sguardo perso nel vuoto."
"","","1","1","0","EID_9999_NoSound","","","","","-1","0","0","0","","""So che sembra strano, ma anche io avevo la sensazione di averti già visto"", disse lentamente."
"","","1","1","0","EID_9999_NoSound","","","","","-1","0","0","0","","<NIER> cercò di mantenere un'espressione neutrale senza riuscirci, ma il sindaco sembrò non accorgersene."
"","","1","1","0","EID_9999_NoSound","","","","","-1","0","0","0","","""Ho avuto un déjà-vu. Ma penso fosse un'illusione creata dall'Oniromorte. Probabilmente non significa nulla."""
"","","1","1","0","EID_9999_NoSound","","","","","-1","0","0","0","","<NIER> annuì e sorrise al sindaco, ma i suoi pensieri erano in tumulto. <STOP><FONT=ITALIC>C'è qualcosa di sbagliato nel sindaco e nelle sue parole.</FONT> <STOP><FONT=ITALIC>E che cosa stava succedendo in quel luogo?</FONT>"
"","","1","1","0","EID_9999_NoSound","","","","<CB=BGM_C_FOREST_FIELD_01><LF><CB=LIB_SET_OPEN_2D_GAUGE_FAST><LF><CB=CHANGE_WINDOW_SIZE2,0,1362,1005>","-1","0","0","0","","Quell'indovinello si sarebbe rivelato il più difficile di tutti."
"1059","1060","1","1","0","EID_9999_NoSound","","","<CB=BGM_EID_1500_a0108_01><LF><CB=SET_ACTOR_PAUSE_ON,1363>","","-1","0","0","0","","Respiro l'aria impregnata di morte e resisto all'impulso di ridere, perché so che avrebbe lo stesso effetto delle parole di un pazzo. Da quanto mi trovo in questo inferno?<LF><STOP>La mia prigione è nascosta sotto la scalinata di catacombe di qualche castello. Fuori, sento un canto funebre. <STOP>La luce qui non trova posto. Il vento è un amico dimenticato. Prego che la Morte venga a prendermi, ma mi ha abbandonata. <STOP>Il tempo passa. Un'eternità scivola via con un solo ticchettio d'orologio.<PAGE>"
"","","1","1","0","EID_9999_NoSound","","","","","-1","0","0","0","","Qualcuno bussa alla mia prigione! "
"1060","1061","1","1","0","EID_9999_NoSound","","","","","-1","0","0","0","","""C'è qualcuno?"" sento gridare da una voce familiare."
"","","1","1","0","EID_9999_NoSound","","","","","-1","0","0","0","","Il mio salvatore! <STOP>Graffio la porta della mia prigione, riempiendomi le unghie di schegge. Urlo chiedendo aiuto, rido, piango. Sicuramente mi sto inventando tutto! Non può essere vero!"
"","","1","1","0","EID_9999_NoSound","","","","","-1","0","0","0","","""Aiuto!"" grido. ""Per tutti gli dei, aiutami!""<PAGE>"
"","","1","1","0","EID_9999_NoSound","","","","","-1","0","0","0","","Incredibilmente, sento il suono di un lucchetto che cade sul pavimento. <STOP>Mentre la porta si apre, ho solo il tempo di vedere un ragazzo dai capelli argentei e un libro volante prima che la luce mi accechi. I miei occhi, abituati all'oscurità, esplodono di dolore, costringendomi a girare la testa.<PAGE>"
"","","1","1","0","EID_9999_NoSound","","","","","-1","0","0","0","","""Chi siete?"" chiedo, coprendomi il viso con le mani tremanti. ""Come siete arrivati fin qui?"""
"","","1","1","0","EID_9999_NoSound","","","","","-1","0","0","0","","""Sono Grimoire Weiss. Questo è <NIER>. Ti stavamo cercando da tempo. <STOP>Vieni. Alzati. Ci sveglieremo insieme da questo incubo."""
"1061","","1","1","0","EID_9999_NoSound","","","","","-1","0","0","0","","Quello chiamato <NIER> allunga la mano e mi aiuta a uscire dalla cella. <STOP>Anche se i miei occhi non si sono ancora abituati alla libertà, il mio udito è acuto e riconosco il suono della pioggia battente."
"","","1","1","0","EID_9999_NoSound","","","","","-1","0","0","0","","""Non avrei mai pensato di poter sentire ancora questo suono"", sussurro."
"","","1","1","0","EID_9999_NoSound","","","","","-1","0","0","0","","""Sarebbe meglio se non fosse una brutta tempesta"", disse Grimoire Weiss. ""Guarda ai tuoi piedi.""<PAGE>"
"","","1","1","0","EID_9999_NoSound","","","","","-1","0","0","0","","Apro a fatica gli occhi e vedo l'acqua lambirmi le caviglie e gli stinchi."
"","","1","1","0","EID_9999_NoSound","","","","","-1","0","0","0","","""Ce n'è così tanta..."""
"","","1","1","1","EID_9999_NoSound","","","","","-1","0","0","0","","""Sì, e più ci attardiamo, più ne scenderà. Se non scappiamo ora, affogheremo in questo castello. <STOP>Sappiamo che sei debole, ma sei l'unica speranza che abbiamo di sopravvivere qui."""
"","","1","1","0","EID_9999_NoSound","","","","","-1","0","0","0","","Il tempo, quell'amico dimenticato, si è ripresentato. Annuisco e mi riprometto di salvare i miei soccorritori a tutti i costi.<PAGE>"
"","","1","1","0","EID_9999_NoSound","","","<CB=BGM_EID_1500_a0108_02>","<CB=Labyrinth_Init><LF><CB=Labyrinth_Event>","-1","0","0","0","","Le catacombe del castello sono un labirinto che si attorciglia su se stesso come le budella infinite di un gigante. "
"1062","1081","1","1","0","EID_9999_NoSound","","","","","-1","0","0","0","","Alla fine del corridoio..."
"","","1","1","0","EID_9999_NoSound","","","","","-1","0","0","0","","Trovo una fila di venti meravigliosi letti a baldacchino posti sopra un tappeto di velluto. Tutto è coperto da uno spesso strato di polvere e ragnatele.<PAGE>"
"","","1","1","0","EID_9999_NoSound","","","","","-1","0","0","0","","Cercando la porta per la sala successiva, mi imbatto in una massa grigia e informe. Era stata gettata di lato, contro il muro, e nonostante la mia febbre, credo di vedere la forma di una porta proprio dietro di essa. <STOP>Mi avvicino per toccare quella sostanza, ma si trasforma in cenere e viene spazzata via dal vento. <STOP>Capisco finalmente di cosa di tratta e cado in ginocchio piangendo."
"","","1","1","0","EID_9999_NoSound","","","","","-1","0","0","0","","... Corpi. Mi trovo davanti a una montagna di corpi carbonizzati."
"","","1","1","0","EID_9999_NoSound","","","","","-1","0","0","0","","Osservo i letti e poi la massa, fino a comprendere con orrore: <STOP>qualcuno aveva ammassato quei corpi e li aveva bruciati. <STOP>Che fossero stati vivi o morti, non lo sapevo e, per la mia salute mentale, non me lo sarei più chiesto."
"","","1","1","0","EID_9999_NoSound","","","","","-1","0","0","0","","Emetto un suono, non so se sia un grido o una risata. Poi la mia mente mi concede l'oblio e mi ritrovo ad aprire quella porta e lasciarmi alle spalle quella stanza dell'orrore. "
"1063","1064","1","1","0","EID_9999_NoSound","","","","","-1","0","0","0","","Alla fine del corridoio..."
"","","1","1","0","EID_9999_NoSound","","","","","-1","0","0","0","","Una fila di grossi e pesanti barili di legno è allineata in una sala buia. Sicuramente sono pieni di vino."
"","","1","1","0","EID_9999_NoSound","","","","","-1","0","0","0","","La sete mi attanaglia e non ricordo l'ultima volta che ho dato sollievo alla mia gola."
"","","1","1","0","EID_9999_NoSound","","","","","-1","0","0","0","","Mi butto sul primo barile e tiro forsennatamente il tappo. <STOP><FONT=ITALIC>Il furto di qualche bicchiere di vino non significa nulla,</FONT> mi ripeto. <FONT=ITALIC>I barili verranno comunque rovinati dall'inondazione.</FONT> <STOP>Alla fine, il tappo cede sotto il mio attacco e un denso liquido rosso inizia a zampillare fuori."
"","","1","1","0","EID_9999_NoSound","","","<CB=BGM_C_FOREST_FIELD_FO>","","-1","0","0","0","","Questo non è vino. È sangue ancora caldo! Non so se sia di un animale o... altro."
"","","1","1","0","EID_9999_NoSound","","","","","-1","0","0","0","","Quel liquido ripugnante inizia a mischiarsi con l'acqua crescente, scaldando i miei piedi.<PAGE>"
"","","1","1","0","EID_9999_NoSound","","","","","-1","0","0","0","","Per gli dei! Anche gli altri barili saranno pieni di sangue? "
"1064","1077","1","1","0","EID_9999_NoSound","","","","","-1","0","0","0","","Non ho il coraggio di controllare. Il disgusto si trasforma in terrore mentre mi volto per scappare, ma le mie gambe mi tradiscono e piombo in quel caldo oceano di porpora. "
"","","1","1","0","EID_9999_NoSound","","","","","-1","0","0","0","","La puzza di morte è ovunque. Minaccia di consumarmi. Devo scappare da questo inferno! "
"","","1","1","0","EID_9999_NoSound","","","<CB=BGM_EID_1500_a0108_03>","","-1","0","0","0","","Gattonando come un animale, cercando di trattenere il grido d'orrore che vuole lasciare la mia gola, barcollo attraverso l'acqua rossa e fuori dalla stanza, verso la libertà. "
"1065","1066","1","1","0","EID_9999_NoSound","","","","","-1","0","0","0","","Alla fine del corridoio..."
"1066","1067","1","1","0","EID_9999_NoSound","","","","","-1","0","0","0","","Sono in un salone cullata dal suono della pioggia. I miei piedi affondano nel tappeto rosso e gocciolante, mentre mi avvicino al centro della sala. <STOP>Vedo una tavola apparecchiata con porcellane e i resti di un sontuoso banchetto. <STOP>Mentre i miei occhi si abituano, vedo dei commensali lì seduti.<LF><LF><PAGE>Notando un movimento, mi avvicino al capotavola ma mi allontano subito per l'orrore. <STOP>Il padrone di casa è un cadavere, come gli ospiti seduti. Un'orda di orribili insetti striscianti ha preso dimora nei loro resti dandomi un'illusione di movimento."
"1067","1079","1","1","0","EID_9999_NoSound","","","","","-1","0","0","0","","Questo splendido banchetto ora non è altro che una lapide ai dannati.<PAGE>"
"","","1","1","0","EID_9999_NoSound","","","","","-1","0","0","0","","Cerco per un secondo di controllare le mie mani tremanti, poi mi allontano lentamente. <STOP>Nella disperazione di distogliere lo sguardo da quell'orrore, i miei occhi cadono sulle sedie su cui giacciono i morti. <STOP>Una vista ancora più terribile del banchetto stesso."
"","","1","1","0","EID_9999_NoSound","","","","","-1","0","0","0","","Ogni sedia è coperta interamente di chiodi appuntiti. <STOP>Questo spiega il colore del tappeto. Posso solo pregare che gli sfortunati commensali fossero già morti prima di iniziare a mangiare!"
"","","1","1","0","EID_9999_NoSound","","","","","-1","0","0","0","","Perché se così non fosse, sarebbe fin troppo semplice immaginare le urla agonizzanti che riempivano la sala."
"","","1","1","0","EID_9999_NoSound","","","","","-1","0","0","0","","La mia mente si sofferma sulla possibilità che queste creature possano aver commesso qualche crimine terribile, giustificando così una tale punizione. <STOP>Anche se, in realtà, sospetto che non avessero commesso alcun crimine."
"","","1","1","0","EID_9999_NoSound","","","","","-1","0","0","0","","Non ci sarebbe stato un domani per questi sfortunati. Questa è stata la loro ultima cena."
"1068","1069","1","1","0","EID_9999_NoSound","","","","","-1","0","0","0","","Alla fine del corridoio..."
"","","1","1","0","EID_9999_NoSound","","","","","-1","0","0","0","","L'acqua mi arriva alla vita e io sono stremata sia fisicamente che mentalmente. Prego che questa sia la strada giusta per uscire.<PAGE>"
"","","1","1","0","EID_9999_NoSound","","","","","-1","0","0","0","","Alla fine, non riesco a sopportare la vista dell'acqua e rivolgo lo sguardo verso l'alto. <STOP>Immaginate la mia sorpresa nel vedere una serie di dipinti appesi alle pareti! <STOP>Ognuno raffigura una persona nel fiore della giovinezza, riccamente vestita. Tuttavia, non conoscendo gli stili, penso che i protagonisti dei dipinti siano vissuti molto tempo fa."
"","","1","1","0","EID_9999_NoSound","","","","","-1","0","0","0","","Un quadro cattura la mia attenzione. <STOP>Il soggetto indossa un abito di un tessuto leggero, decorato a motivi floreali e di uccelli, stretto in vita da una cintura di pelle di squisita fattura. Sarebbe un abito straordinario anche per i gusti moderni.<PAGE>"
"","","1","1","0","EID_9999_NoSound","","","","","-1","0","0","0","","Mentre guardo il ritratto, sono spinta dal desiderio di toccarlo. <STOP>Ma, proprio mentre allungo un dito verso il dipinto, mi travolge una sensazione spiacevole. <STOP>Fissando il ritratto, noto che la tela in un punto prende la forma di un altro dito. Qualcosa dietro il quadro mi sta indicando!"
"1069","1080","1","1","0","EID_9999_NoSound","","","","","-1","0","0","0","","È un altro prigioniero, anche lui intrappolato qui per l'eternità? <STOP>Non posso ignorarlo, così prendo il dipinto con entrambe le mani e lo scaravento in acqua. <STOP>C'è una rientranza dietro al dipinto e dentro di essa c'è un corpo. Che fosse o no un prigioniero, non posso salvarlo perché è già morto da tempo."
"","","1","1","0","EID_9999_NoSound","","","","","-1","0","0","0","","Le ossa sono circondate da brandelli di stoffa. Se n'è conservata solo una piccola parte, ma capisco che è la stessa dell'abito rappresentato nel dipinto."
"","","1","1","0","EID_9999_NoSound","","","","","-1","0","0","0","","Stavo ammirando una mostra di corpi, bloccati alla vista dai ritratti delle vittime da giovani."
"","","1","1","0","EID_9999_NoSound","","","","","-1","0","0","0","","Basta! Coprendomi gli occhi, avanzo nell'acqua."
"1070","","1","1","0","EID_9999_NoSound","","","","","-1","0","0","0","","Ora l'acqua mi arriva al mento, mi lambisce la bocca e il naso."
"","","1","1","0","EID_9999_NoSound","","","","","-1","0","0","0","","""Sei proprio un...!"" urla <NIER>. Vorrebbe certamente dire altro, ma il resto dell'insulto viene mangiato dall'acqua."
"","","1","1","0","EID_9999_NoSound","","","","","-1","0","0","0","","Grimoire Weiss, fradicio e lacero, galleggia sulla superficie dell'acqua. <STOP>Per lui è già troppo tardi."
"","","1","1","0","EID_9999_NoSound","","","","","-1","0","0","0","","Non doveva... <WAIT=0.5>n<WAIT=0.033>o<WAIT=0.033>n <WAIT=0.033>d<WAIT=0.067>o<WAIT=0.033>v<WAIT=0.033>e<WAIT=0.033>v<WAIT=0.033>a <WAIT=0.033>f<WAIT=0.067>i<WAIT=0.033>n<WAIT=0.033>i<WAIT=0.067>r<WAIT=0.033>e <WAIT=0.067>i<WAIT=0.033>n <WAIT=0.033>q<WAIT=0.067>u<WAIT=0.033>e<WAIT=0.033>s<WAIT=0.033>t<WAIT=0.033>a <WAIT=0.033>m<WAIT=0.033>a<WAIT=0.033>n<WAIT=0.067>i<WAIT=0.033>e<WAIT=0.067>r<WAIT=0.033>a<WAIT=0.033>.<WAIT=0.033>.<WAIT=0.033>."
"1071","1072","1","1","0","EID_9999_NoSound","","","<CB=NPC_PARTS_INVISIBLE>","","-1","0","0","0","","Contro ogni aspettativa, arriviamo alla porta d'ingresso."
"","","1","1","0","EID_9999_NoSound","","","","","-1","0","0","0","","""Buttala giù!"" qualcuno grida e io faccio del mio meglio."
"","","1","1","0","EID_9999_NoSound","","","","","-1","0","0","0","","Insieme a <NIER> e Grimoire Weiss, butto tutto il mio peso contro la pesante porta. Al terzo tentativo, cede e noi veniamo scaraventati fuori dal castello."
"","","1","1","0","EID_9999_NoSound","","","","","-1","0","0","0","","La tempesta si sta allontanando. Le nuvole sopra le nostre teste sono ancora nere e minacciose, ma verso ovest riesco a vedere un piccolo raggio di luce farsi strada tra le nubi."
"1072","1073","1","1","0","EID_9999_NoSound","","","","","-1","0","0","0","","""Come posso ringraziarvi?"" domando mentre lacrime di gioia mi solcano il volto. ""Sarei morta lì dentro.""<LF><STOP>Abbassando gli occhi, noto che il mio vestito è stracciato e cerco di coprirmi come posso."
"","","1","1","0","EID_9999_NoSound","","","","","-1","0","0","0","","""Il vestito?"" chiede Weiss. ""Allora lei è una donna, signorina?"""
"","","1","1","0","EID_9999_NoSound","","","","","-1","0","0","0","","""Lo sono."" <STOP>Sorrido ai miei salvatori. ""Suppongo sia una sorpresa, dato che esisto solo in forma di parole.""<PAGE>"
"","","1","1","0","EID_9999_NoSound","","","","","-1","0","0","0","","Vedo che quello chiamato <NIER> è deluso dal fatto che il mio vestito non sia descritto nel dettaglio, ma lo nasconde bene. Con un cenno e una scrollata di spalle, ci incamminiamo verso il risveglio."
"","","1","1","0","EID_9999_NoSound","","","","","-1","0","0","0","","Ma, dietro di noi, qualcos'altro si sta risvegliando."
"","","1","1","0","EID_9999_NoSound","","","","","-1","0","0","0","","Fumo nero riempie il castello abbandonato e copre come un sudario le numerose anime dannate al suo interno."
"1073","","1","1","0","EID_9999_NoSound","","","","","-1","0","0","0","","Le finestre del castello scoppiano con un rumore assordante. La brezza riempie i corridoi e le sale, disperdendo per sempre il fumo nero. <STOP>Mentre osserviamo straniti, un infinito numero di ombre prende vita, uscendo e rientrando dalle finestre rotte. "
"","","1","1","0","EID_9999_NoSound","","","","<CB=BG_AND_ENV_FADE_IN><LF><CB=BGM_C_FOREST_FIELD_01><LF><CB=LIB_SET_OPEN_2D_GAUGE_FAST><LF><CB=CHANGE_WINDOW_SIZE,0,1363,1009>","-1","0","0","0","","I morti del castello si sono svegliati di nuovo e hanno assunto la forma di Ombre."
"1074","","1","1","1","EID_9999_NoSound","","","","","-1","0","0","0","","Cerco di osservare i corridoi bui... <LF><LIST=1082>... e procedo verso est.</LIST><LF><LIST=1083>... e procedo verso sud.</LIST><LF><LIST=1084>... e procedo verso ovest.</LIST><LF><LIST=1085>... e procedo verso nord.</LIST>"
"1075","","1","1","1","EID_9999_NoSound","","","","","-1","0","0","0","","Cerco di osservare i corridoi bui...<LF><LIST=1085>... e procedo verso nord.</LIST>"
"1076","","1","1","1","EID_9999_NoSound","","","","","-1","0","0","0","","Cerco di osservare i corridoi bui...<LF><LIST=1082>... e procedo verso est.</LIST><LF><LIST=1085>... e procedo verso ovest.</LIST>"
"1077","","1","1","1","EID_9999_NoSound","","","","","-1","0","0","0","","Cerco di osservare i corridoi bui...<LF><LIST=1082>... e procedo verso est.</LIST>"
"1078","","1","1","1","EID_9999_NoSound","","","","","-1","0","0","0","","Cerco di osservare i corridoi bui...<LF><LIST=1082>... e procedo verso est.</LIST><LF><LIST=1083>... e procedo verso sud.</LIST><LF><LIST=1084>... e procedo verso ovest.</LIST>"
"1079","","1","1","1","EID_9999_NoSound","","","","","-1","0","0","0","","Cerco di osservare i corridoi bui...<LF><LIST=1084>... e procedo verso ovest.</LIST><LF><LIST=1085>... e procedo verso nord.</LIST>"
"1080","","1","1","1","EID_9999_NoSound","","","","","-1","0","0","0","","Cerco di osservare i corridoi bui...<LF><LIST=1083>... e procedo verso sud.</LIST>"
"1081","","1","1","1","EID_9999_NoSound","","","","","-1","0","0","0","","Cerco di osservare i corridoi bui...<LF><LIST=1082>... e procedo verso est.</LIST><LF><LIST=1083>... e procedo verso sud.</LIST>"
"1082","","2","1","1","EID_9999_NoSound","","","","<CB=Labyrinth_Divergence,1>","-1","0","0","0","",""
"1083","","2","1","1","EID_9999_NoSound","","","","<CB=Labyrinth_Divergence,2>","-1","0","0","0","",""
"1084","","2","1","1","EID_9999_NoSound","","","","<CB=Labyrinth_Divergence,3>","-1","0","0","0","",""
"1085","","2","1","1","EID_9999_NoSound","","","","<CB=Labyrinth_Divergence,4>","-1","0","0","0","",""
"1086","1087","1","1","0","EID_9999_NoSound","","","<CB=BGM_EID_1500_a0118_01><LF><CB=SET_ACTOR_PAUSE_ON,1364>","","-1","0","0","0","","Una colonia di sculture enormi era visibile in lontananza, le loro forme stagliate contro l'orizzonte. <STOP>Weiss e <NIER> non avevano mai visto nulla del genere e rimasero sbalorditi a quella vista. "
"","","1","1","0","NV_ID_0363","","","","","-1","0","0","0","","""Quei palazzi devono essere enormi se riusciamo a vederli da qui, eh, Weiss?"""
"","","1","1","0","NV_ID_0364","","","","","-1","0","0","0","","Mentre Weiss decideva come rispondere, il sole batteva su di loro con ferocia."
"","","1","1","0","NV_ID_0365","","","","","-1","0","0","0","","""Forse sono dei miraggi"", disse."
"","","1","1","0","EID_9999_NoSound","","","","","-1","0","0","0","","""In questa calura, un miraggio non sarebbe sorprendente."""
"","","1","1","0","EID_9999_NoSound","","","","","-1","0","0","0","","<NIER> annuì e si asciugò il sudore dalla fronte, lasciando una scia di sabbia al suo posto. Era sicuro di non essere mai stato così assetato."
"1087","1088","1","1","0","EID_9999_NoSound","","","","","-1","0","0","0","","L'antica strada su cui camminavano era nera e spaccata dal tempo. Qui e là, ciuffi d'erba spuntavano dalle rocce, come a sfidare chi aveva osato porre quel materiale sulla loro casa."
"","","1","1","0","EID_9999_NoSound","","","","","-1","0","0","0","","Il calore riflesso sulla strada faceva girare la testa a <NIER>.<PAGE>"
"","","1","1","0","EID_9999_NoSound","","","","","-1","0","0","0","","Con i piedi doloranti, si piegò per riposare. <STOP>""Non so quanto potrò andare avanti. Sembra che qualcuno ci stia giocando un brutto scherzo!"""
"","","1","1","0","EID_9999_NoSound","","","","","-1","0","0","0","","I lamenti erano già cominciati."
"","","1","1","0","EID_9999_NoSound","","","","","-1","0","0","0","","Weiss cercò di non alzare troppo gli occhi al cielo. ""Uno scherzo?"" disse. <STOP>""No, nessuno scherzo. Questa è la strada per la Città d'arte. <STOP>Forse anche il sentiero è un'opera d'arte."""
"","","1","1","0","EID_9999_NoSound","","","","","-1","0","0","0","","""Non sembri molto convinto neanche tu."""
"","","1","1","0","EID_9999_NoSound","","","","","-1","0","0","0","","""Forse no, ma pensarla così potrebbe aiutarti ad andare avanti."""
"","","1","1","0","EID_9999_NoSound","","","","","-1","0","0","0","","<NIER> guardò la faccia sorridente di Weiss, scosse la testa e riprese a camminare."
"1088","1089","1","1","0","EID_9999_NoSound","","","","","-1","0","0","0","","Mentre il tempo passava, i piedi di <NIER> dolevano sempre più e la sua gola era sempre più secca. <STOP>Cercò di pensare solo al passo successivo, perché la luce accecante gli impediva di fidarsi dei propri sensi."
"","","1","1","0","EID_9999_NoSound","","","","","-1","0","0","0","","""Ci stiamo sicuramente avvicinando"", disse Weiss cercando di sollevare l'animo del suo compagno. <STOP>""Sì, ne sono proprio sicuro.""<PAGE>"
"","","1","1","0","EID_9999_NoSound","","","","","-1","0","0","0","","Incoraggiato, <NIER> sollevò lo sguardo. <STOP>All'improvviso, smise di camminare, fermandosi in mezzo alla strada con bocca e occhi spalancati e indicando l'orizzonte. "
"","","1","1","0","EID_9999_NoSound","","","","","-1","0","0","0","","""Acqua!"" urlò. ""C'è dell'acqua!"""
"","","1","1","0","EID_9999_NoSound","","","","","-1","0","0","0","","""Acqua?"" domandò Weiss. ""Impossibile. Io non vedo dell'acqua."""
"","","1","1","0","EID_9999_NoSound","","","","","-1","0","0","0","","""Proprio laggiù! Davanti a noi! Guarda come il sole si riflette sulla sua superficie!"" "
"1089","1090","1","1","0","EID_9999_NoSound","","","","","-1","0","0","0","","Senza aspettare una risposta, <NIER> scattò nella direzione indicata."
"","","1","1","0","EID_9999_NoSound","","","","","-1","0","0","0","","""Ma che...?"""
"","","1","1","0","EID_9999_NoSound","","","","","-1","0","0","0","","Non c'era acqua. Non c'era altro che sabbia in ogni direzione. <STOP><NIER> chiuse gli occhi e sospirò, mentre Weiss fluttuava dietro di lui ridacchiando. "
"","","1","1","0","EID_9999_NoSound","","","","","-1","0","0","0","","""Credo che prenda il nome di miraggio"", disse. ""Molti viaggiatori del deserto ne fanno menzione.""<PAGE>"
"","","1","1","0","EID_9999_NoSound","","","","","-1","0","0","0","","<NIER> scosse il capo, sbalordito. Poi indicò un punto lontano con gli occhi di nuovo spalancati."
"","","1","1","0","EID_9999_NoSound","","","","","-1","0","0","0","","""Aspetta, ecco! Siamo vicini! Guarda, è <FONT=ITALIC>proprio lì</FONT>!"""
"","","1","1","0","EID_9999_NoSound","","","","","-1","0","0","0","","<NIER> riprese a correre e Weiss non poté far altro che seguirlo."
"1090","1091","1","1","0","EID_9999_NoSound","","","","","-1","0","0","0","","Dopo qualche minuto di corsa, <NIER> si fermò."
"","","1","1","0","EID_9999_NoSound","","","","","-1","0","0","0","","""Avrei giurato che fosse da queste parti..."""
"","","1","1","0","EID_9999_NoSound","","","","","-1","0","0","0","","Confuso, si portò le mani agli occhi e li sfregò con decisione. <STOP>Appena smise, notò uno specchio d'acqua di un azzurro acceso oltre una salita. <STOP>Urlò e partì alla sua ricerca.<PAGE>"
"","","1","1","0","EID_9999_NoSound","","","","","-1","0","0","0","","Dopo quasi un'ora, Weiss ormai esasperato si avvicinò a <NIER> e lo colpì in faccia con la copertina."
"","","1","1","0","EID_9999_NoSound","","","","","-1","0","0","0","","""Basta, stupido idiota! Smettila immediatamente! <STOP><FONT=ITALIC>Non</FONT> <WAIT=0.5><FONT=ITALIC>c'è</FONT> <WAIT=0.5><FONT=ITALIC>neanche</FONT> <WAIT=0.5><FONT=ITALIC>una goccia d'acqua</FONT> <WAIT=0.5><FONT=ITALIC>qui!</FONT>"""
"","","1","1","0","EID_9999_NoSound","","","","","-1","0","0","0","","Il volto di <NIER> si rabbuiò. ""Neanche... Neanche una?"""
"1091","1092","1","1","0","EID_9999_NoSound","","","","","-1","0","0","0","","""No! Magari la prossima volta mi darai ascolto quando ti parlo!"" <STOP>Weiss si fermò un istante, poi riprese a parlare con fare leggermente più gentile. <STOP>""Tuttavia, questa folle ricerca non è stata del tutto vana. A quanto pare, siamo giunti nella Città d'arte.""<PAGE>"
"","","1","1","0","EID_9999_NoSound","","","","","-1","0","0","0","","<NIER> alzò lo sguardo. Davanti a lui si ergeva una fila di gigantesche sculture. <STOP>Il loro viaggio era giunto al termine."
"","","1","1","0","EID_9999_NoSound","","","","","-1","0","0","0","","""Sono enormi!"" urlò <NIER>, dimenticando del tutto la calura e il dolore delle ultime ore. ""Non ho mai <FONT=ITALIC>visto</FONT> nulla di così grande!""<PAGE>"
"","","1","1","0","EID_9999_NoSound","","","","","-1","0","0","0","","Ogni scultura condivideva più o meno la stessa forma, quella di un lungo rettangolo proteso verso il cielo. Ma la somiglianza finiva lì. <STOP>Molte erano ricoperte da pannelli di vetro che riflettevano la luce in mille direzioni, mentre altre erano semplici strutture d'acciaio. <STOP><LF>Alcune avevano guglie molto alte sulla cima, altre tetti triangolari.<PAGE>"
"","","1","1","0","EID_9999_NoSound","","","","","-1","0","0","0","","""Che razza di città è mai questa?"" disse <NIER>. ""Dov'è la gente? Dove sono le case?"""
"","","1","1","0","EID_9999_NoSound","","","","","-1","0","0","0","","""Forse è una terra destinata puramente a uso artistico."""
"","","1","1","0","EID_9999_NoSound","","","","","-1","0","0","0","","Il dialogo proseguì mentre attraversavano la città."
"1092","1093","1","1","0","EID_9999_NoSound","","","","","-1","0","0","0","","C'erano miracoli artistici ovunque. Grosse casse in ferro su ruote che poggiavano su rotaie d'acciaio. In ogni strada pendevano stupende opere con nicchie sprigionanti lucine rosse, ambra e verdi. <STOP>Allontanandosi dalle imponenti sculture, trovarono un agglomerato dalle dimensioni più ridotte. <STOP>Alcune erano ricoperte di vetro o mattoni, ma molte erano fatte di materiali mai visti prima. La vastità di stili e colori era disarmante.<PAGE>"
"","","1","1","0","EID_9999_NoSound","","","","","-1","0","0","0","","Non riuscendo a identificare né un tema, né un fine delle opere astratte che li circondavano, <NIER> e Weiss rimasero in silenzio."
"1093","1094","1","1","0","EID_9999_NoSound","","","","","-1","0","0","0","","Alla periferia della città, scoprirono tre sculture dalla forma umana. <NIER> vi si avvicinò ed emise un sospiro di sollievo."
"","","1","1","0","EID_9999_NoSound","","","","","-1","0","0","0","","""Finalmente. Iniziavo a stancarmi di quell'arte moderna."""
"","","1","1","0","EID_9999_NoSound","","","","","-1","0","0","0","","Le tre statue erano identiche, a eccezione di una parola incisa sul braccio destro di ognuna. Su una c'era scritto Alfa, su un'altra Beta e sull'ultima Gamma."
"","","1","1","0","EID_9999_NoSound","","","<CB=BGM_C_FOREST_FIELD_FO>","","-1","0","0","0","","Mentre <NIER> si avvicinava per toccare la statua più vicina, un uccello si levò in volo da una delle sculture. Posatosi sulla spalla della statua, produsse una breve ma incantevole melodia che mutò in parole. "
"","","1","1","0","EID_9999_NoSound","","","","","-1","0","0","0","","""Solo una delle forme è quella vera. Le altre sono false."""
"","","1","1","0","EID_9999_NoSound","","","","","-1","0","0","0","","""La forma vera dirà sempre la verità."""
"","","1","1","0","EID_9999_NoSound","","","","","-1","0","0","0","","""Quelle false solo falsità."""
"1094","1095","1","1","0","EID_9999_NoSound","","","","","-1","0","0","0","","Poi, l'uccello s'involò. All'improvviso le tre statue presero vita con un sussulto, iniziando a respirare e assumendo forma e colore. "
"","","1","1","0","EID_9999_NoSound","","","<CB=BGM_EID_1500_a0118_02>","","-1","0","0","0","","""Ehi, ma tu guarda!"" disse <NIER>. ""Sono vive."""
"","","1","1","0","EID_9999_NoSound","","","","","-1","0","0","0","","Le tre statue s'inchinarono al cospetto di <NIER>."
"","","1","1","0","EID_9999_NoSound","","","","","-1","0","0","0","","""Ti prego!"" disse Alfa. ""Tirami fuori da questo incubo! Sono io quella vera!"""
"","","1","1","0","EID_9999_NoSound","","","","","-1","0","0","0","","""Non dire bugie!"" disse Beta. Si voltò verso <NIER> e alzò le mani al cielo. ""Alfa è falsa, fidati. Io sono quella vera!"""
"","","1","1","0","EID_9999_NoSound","","","","","-1","0","0","0","","""Tutte cavolate!"" disse Gamma. ""Beta è falsa! Lo sanno tutti che qui l'unica vera sono io."""
"","","1","1","0","EID_9999_NoSound","","","","","-1","0","0","0","","Detto questo, le tre statue tornarono immobili e la città fu nuovamente avvolta nel silenzio.<PAGE>"
"","","1","1","0","EID_9999_NoSound","","","","","-1","0","0","0","","""Se pensi bene a ciò che hanno detto, solo una di loro può essere quella vera"", disse Weiss."
"","","1","1","0","EID_9999_NoSound","","","","","-1","0","0","0","","<NIER> aggrottò le sopracciglia e ponderò bene la sua risposta."
"1095","","1","1","0","EID_9999_NoSound","","","","","-1","0","0","0","","""Solo una delle forme è quella vera. Le altre sono false.""<LF>""La forma vera dirà sempre la verità.""<LF>""Quelle false solo falsità.""<LF>"
"","","1","1","0","EID_9999_NoSound","","","","","-1","0","0","0","","<LIST=1096>""Quella vera è Alfa.""</LIST><LF><LIST=1099>""Quella vera è Beta.""</LIST><LF><LIST=1097>""Quella vera è Gamma.""</LIST><LF><LIST=1098>""Non ne ho idea...""</LIST>"
"1096","","1","1","0","EID_9999_NoSound","","","","","-1","0","0","0","","""Quella vera è Alfa."""
"","","1","1","0","EID_9999_NoSound","","","","","-1","0","0","0","","Gli occhi delle statue emisero un bagliore inquietante."
"","","1","1","0","EID_9999_NoSound","","","","<CB=BG_AND_ENV_FADE_IN><LF><CB=BGM_C_FOREST_FIELD_01><LF><CB=LIB_SET_OPEN_2D_GAUGE_FAST><LF><CB=CHANGE_WINDOW_SIZE,0,1364,1013>","-1","0","0","0","","La luce si fece sempre più intensa, finché <NIER> e Weiss furono costretti a voltarsi."
"1097","","1","1","0","EID_9999_NoSound","","","","","-1","0","0","0","","""Quella vera è Gamma."""
"","","1","1","0","EID_9999_NoSound","","","","","-1","0","0","0","","Gli occhi delle statue emisero un bagliore inquietante."
"","","1","1","0","EID_9999_NoSound","","","","<CB=BG_AND_ENV_FADE_IN><LF><CB=BGM_C_FOREST_FIELD_01><LF><CB=LIB_SET_OPEN_2D_GAUGE_FAST><LF><CB=CHANGE_WINDOW_SIZE,0,1364,1013>","-1","0","0","0","","La luce si fece sempre più intensa, finché <NIER> e Weiss furono costretti a voltarsi."
"1098","1093","1","1","0","EID_9999_NoSound","","","","","-1","0","0","0","","""Non ne ho idea..."""
"","","1","1","0","EID_9999_NoSound","","","","","-1","0","0","0","","<NIER> osservò a lungo le statue, cercando di schiarirsi la mente."
"1099","1100","1","1","0","EID_9999_NoSound","","","","","-1","0","0","0","","""Quella vera è Beta."""
"","","1","1","0","EID_9999_NoSound","","","","","-1","0","0","0","","Nonostante l'insicurezza nella sua voce, <NIER> vide Weiss annuire e si sentì rassicurato."
"","","1","1","0","EID_9999_NoSound","","","","","-1","0","0","0","","""Se Alfa dicesse la verità"", disse Weiss in tono saccente, ""Beta e Gamma sarebbero false. Ma in tal caso, l'affermazione di Gamma secondo cui Beta è falsa sarebbe vera, anche se Gamma dice bugie. Ed ecco che la teoria non regge."""
"","","1","1","0","EID_9999_NoSound","","","","","-1","0","0","0","","""Ora, supponiamo che Gamma dica la verità. Ciò implica che Alfa e Beta dicano bugie. In questo caso, tuttavia, Beta dà del bugiardo ad Alfa, facendo sì che due statue dicano contemporaneamente il vero."""
"","","1","1","0","EID_9999_NoSound","","","","","-1","0","0","0","","""Infine, ipotizziamo che Beta dica il vero. Allora le bugie di Alfa e Gamma avrebbero senso. Di conseguenza, quella vera dev'essere Beta."""
"1100","1101","1","1","0","EID_9999_NoSound","","","","","-1","0","0","0","","Terminata la spiegazione, Alfa e Gamma si sgretolarono senza produrre alcun suono e Beta riprese vita. "
"","","1","1","0","EID_9999_NoSound","","","","","-1","0","0","0","","""Congratulazioni"", disse Weiss in tono gioviale, ""è giunto il momento di risvegliarti."""
"","","1","1","0","EID_9999_NoSound","","","","","-1","0","0","0","","""Grazie per avermi salvato!"" urlò l'abitante."
"","","1","1","0","EID_9999_NoSound","","","","","-1","0","0","0","","Crollò in ginocchio e chinò il capo davanti a <NIER> che, a disagio per la situazione, lo fece rialzare in piedi."
"1101","","1","1","0","EID_9999_NoSound","","","","","-1","0","0","0","","""Perché hai fatto un sogno simile?"" gli chiese Weiss. ""Sei già stato in questa città?"""
"","","1","1","0","EID_9999_NoSound","","","","","-1","0","0","0","","Lentamente, l'abitante guardò gli strani oggetti e le sculture che costellavano il panorama, poi scosse il capo."
"","","1","1","0","EID_9999_NoSound","","","","","-1","0","0","0","","""Non... Non credo. Voglio dire, è impossibile, no? Non può essere che io sia già stato in un posto così... Ma al contempo, sento di averlo già visto."""
"","","1","1","0","EID_9999_NoSound","","","","","-1","0","0","0","","""Déjà-vu"", precisò <NIER>. ""Proprio come il sindaco."""
"","","1","1","0","EID_9999_NoSound","","","","<CB=BG_AND_ENV_FADE_IN><LF><CB=BGM_C_FOREST_FIELD_01><LF><CB=LIB_SET_OPEN_2D_GAUGE_FAST><LF><CB=CHANGE_WINDOW_SIZE,0,1364,1012>","-1","0","0","0","","La mente di <NIER> fu pervasa dallo stesso vago senso di agitazione che l'aveva colpito durante il sogno del sindaco. "
"1102","","0","1","0","EID_4500_a0400_0050_X","","","<CB=SET_ACTOR_PAUSE_ON,1362>","<CB=SNID_1580_a0010_01_Select>","-1","0","0","0","26","Non ne posso più di queste conversazioni infernali. Risparmiamocele per un'altra volta."
"1103","1104","1","1","0","EID_9999_NoSound","","","<CB=SET_ACTOR_PAUSE_ON,1362>","","-1","0","0","0","","""Ah! Ciao di nuovo! <STOP>Sai, pensavo a come ringraziarti per avermi salvato, e forse ho un'idea. <STOP>Erigeremo una statua che ti raffiguri! Sarà alta tre metri e d'oro puro. <STOP>Ah, e so che non hai un cavallo, ma credo che nella statua comunque ce l'avrai. Sai, i cavalli danno un'aria decisamente più eroica!""<PAGE>"
"","","1","1","0","EID_9999_NoSound","","","","","-1","0","0","0","","""Come? Non vuoi una statua? <STOP>Oh. Speravo ti avrebbe fatto piacere."""
"","","1","1","0","EID_9999_NoSound","","","","","-1","0","0","0","","""A ogni modo, grazie alle tue instancabili prodezze, il futuro del nostro villaggio non è più in salita. È insalata! <STOP>Ahahah! Battute da agricoltori.""<PAGE>"
"","","1","1","0","EID_9999_NoSound","","","","","-1","0","0","0","","""Comunque, pensavo anche ad altro, oltre che a statue e battute pessime. Ho deciso di riportare in auge il festival del villaggio. <STOP>Si teneva ogni anno, solo che il vecchio sindaco lo riteneva antiquato e lo soppresse. <STOP>Ma poiché ora sono io il sindaco, posso reintrodurlo! <STOP>Non è abuso di potere, vero?""<PAGE>"
"1104","","1","1","0","EID_9999_NoSound","","","","","-1","0","0","0","","""Come dici? Vuoi sapere del festival? <STOP>Beh, il nome ufficiale è Convito dei tre giorni. Lo chiamiamo così perché siamo tutti seduti intorno a un tavolo gigantesco e mangiamo per tre giorni di fila. Vietato dormire! <STOP>Ah, e si tiene durante i giorni più nebbiosi dell'anno, per cui è difficile capire cosa si mangia. <STOP>Alcuni piatti sono squisiti, ma altri sono bizzarri e... beh, ci troverai roba strana all'interno. Ti basti sapere questo. <STOP>Comunque, ti sorprenderà vedere che cosa riesci a mangiare quando non chiudi occhio da due giorni.""<PAGE>"
"","","1","1","0","EID_9999_NoSound","","","","","-1","0","0","0","","""Farò preparare una stanza per te e sarai il nostro ospite d'on... <STOP>Come? Non puoi venire? <STOP>Devi lavarti i capelli? <STOP>Oh. Capisco. Beh, è comprensibile. Dopo tutte quelle avventure, ci vuole."""
"","","1","1","0","EID_9999_NoSound","","","","","-1","0","0","0","","""In realtà, credo che a questo villaggio servano altre attività di socializzazione. Potremmo conoscerci meglio e promuovere l'unità in tempo di crisi.""<PAGE>"
"","","1","1","0","EID_9999_NoSound","","","","","-1","0","0","0","","Weiss tossì sonoramente."
"","","1","1","0","EID_9999_NoSound","","","","","-1","0","0","0","","""Quanto ancora dobbiamo sopportare le baggianate di questo qua?"" sussurrò a <NIER>."
"","","1","1","0","EID_9999_NoSound","","","","","-1","0","0","0","","""Ah, lasciamolo parlare. Si è appena risvegliato. Avrà tante di quelle cose da dire."""
"","","1","1","0","EID_9999_NoSound","","","","","-1","0","0","0","","Weiss sospirò."
"","","1","1","0","EID_9999_NoSound","","","","<CB=SNID_1580_a0010_01_End>","-1","0","0","0","","""È questo che Popola intendeva per ""gioiosi e loquaci""."""
"1105","","0","1","0","EID_4500_a0400_0050_X","","","<CB=SET_ACTOR_PAUSE_ON,1363>","<CB=SNID_1580_a0010_02_Select>","-1","0","0","0","26","Non ne posso più di queste conversazioni infernali. Risparmiamocele per un'altra volta."
"1106","1107","1","1","0","EID_9999_NoSound","","","<CB=SET_ACTOR_PAUSE_ON,1363>","","-1","0","0","0","","""Oh! Sei tu! Posso parlarti un attimo? <STOP>Qui, vieni qui."""
"","","1","1","0","EID_9999_NoSound","","","","","-1","0","0","0","","""Loro sono i miei vicini. Stavo appunto raccontando il mio sogno. <STOP>Ricordi? Quello da cui mi hai salvato?"""
"","","1","1","0","EID_9999_NoSound","","","","","-1","0","0","0","","""Loro non mi credono. Dicono che invento tutto. <STOP>Chi si inventa storie del genere? Ricordo perfettamente le tenebre, le urla. <STOP>Ascolta, ho bisogno che tu mi dia manforte. Credono che io sia pazzo, ma devono capire."""
"1107","1108","1","1","0","EID_9999_NoSound","","","","","-1","0","0","0","","""Racconta loro di come mi hai tirato fuori da quella cella, dell'acqua ovunque che aumentava e saliva rapidamente. <STOP>Sai, una parte di me temeva che mi avessi salvato solo per lasciarmi affogare. Io non voglio affogare. Alcuni dicono sia una morte tranquilla, ma per me mentono."""
"","","1","1","0","EID_9999_NoSound","","","","","-1","0","0","0","","""E di' loro dei corpi. <STOP>I corpi... Oh, cielo, quanti ce n'erano..."""
"1108","1109","1","1","0","EID_9999_NoSound","","","","","-1","0","0","0","","""C'era questa stanza con letti e cadaveri. Sembravano pezzi di carbone... <STOP>Non faccio che pensare al fuoco e a quanto bruciasse, ma poi per distrarmi inizio a pensare al vino. <STOP>Solo che non era vino. Era sangue ed era ancora caldo. <STOP>A volte ne sento ancora l'odore. Quando mangio una fetta di torta, sento ancora l'odore del sangue caldo che si mischia con quell'acqua. <STOP>Ormai non riesco più a mangiare.""<PAGE>""Quando vedo un tavolo, penso a quel banchetto, agli invitati e a come il tappeto sotto ai miei piedi facesse ciac-ciac. <STOP>Non lo so. È strano. <STOP>Ma forse la cosa peggiore sono le immagini. Continuo a chiedermi se sapessero che stavano per morire e come facevano a starsene lì seduti sapendo che ogni pennellata li avvicinava alla morte. <STOP>Ormai penso spesso a queste cose. A dire il vero, faccio fatica a pensare ad altro. <STOP>Non dormo molto. È difficile anche quello. Appena chiudo gli occhi, vedo cose orribili.""<PAGE>""Comunque, speravo che potessi raccontarlo ai miei vicini, così... <STOP>Eh? Ma dove sono finiti?"""
"1109","","1","1","0","EID_9999_NoSound","","","","","-1","0","0","0","","""Sono andati via da un po'"", disse <NIER> con voce tranquilla."
"","","1","1","0","EID_9999_NoSound","","","","","-1","0","0","0","","""Direi che trovano il tuo sogno un tantino... inquietante"", disse Weiss. ""Magari potresti trovare un altro argomento, eh? Tipo il tempo. O i gattini."""
"","","1","1","0","EID_9999_NoSound","","","","<CB=SNID_1580_a0010_02_End>","-1","0","0","0","","L'abitante accennò un sorriso a <NIER>. Un sorriso che presto svanì dal suo volto. Mentre i due si allontanavano lentamente, videro le lacrime che facevano capolino dagli angoli degli occhi."
"1110","","0","1","0","EID_4500_a0400_0050_X","","","<CB=SET_ACTOR_PAUSE_ON,1364>","<CB=SNID_1580_a0010_03_Select>","-1","0","0","0","26","Non ne posso più di queste conversazioni infernali. Risparmiamocele per un'altra volta."
"1111","1112","1","1","0","EID_9999_NoSound","","","<CB=SET_ACTOR_PAUSE_ON,1364>","","-1","0","0","0","","""Oh, ciao! Sei tu! Quello che mi ha salvato da quella folle città! <STOP>Che bello rivederti. Sei il mio eroe, lo sai? <STOP>Oh, andiamo, non fare il timido. Va tutto bene. Il sindaco ha detto che ti erigeremo perfino una statua!"""
"","","1","1","0","EID_9999_NoSound","","","","","-1","0","0","0","","""Ho saputo che viaggi per il mondo. Che bello! <STOP>Sai, viaggiare è la chiave per la felicità. Scoprire il mondo, incontrare di persona altri umani... Cambia davvero il modo in cui vedi le cose, e credo che un cambiamento del genere sia fondamentale nel nuovo mondo che si avvicina. <STOP>... Come dici? Io? No, non ho mai viaggiato. A dire il vero, non ho mai lasciato questo villaggio. Però mi piacerebbe farlo, un giorno."""
"1112","1113","1","1","0","EID_9999_NoSound","","","","","-1","0","0","0","","""Credo che il nostro mondo stia morendo. Sul serio! Pensaci! <STOP>Hai avuto la Necrografia, le Ombre, strane malattie come l'Oniromorte... È come se qualcosa volesse darci un avvertimento."""
"","","1","1","0","EID_9999_NoSound","","","","","-1","0","0","0","","""Anzi, è <FONT=ITALIC>sicuramente</FONT> un avvertimento. Dobbiamo cambiare le nostre abitudini prima che sia troppo tardi!"""
"","","1","1","0","EID_9999_NoSound","","","","","-1","0","0","0","","""Mi piacerebbe aiutare a cambiare il mondo, ma sono un normale abitante. Non come voi! Voi siete sempre lì in prima a linea a combattere con spade, incantesimi e roba simile. <STOP>Ehi, ho un'idea! Forse potremmo unire le forze e cambiare il mondo insieme! Cioè, con la vostra esperienza e le vostre abilità e la mia... ehm... beh, qualunque cosa io abbia. <STOP>Comunque, credo che potremmo fare la differenza."""
"1113","1114","1","1","0","EID_9999_NoSound","","","","","-1","0","0","0","","""A questo mondo serve un leader, qualcuno in grado di unire la gente per un fine comune. <STOP>Dovrebbe essere anche un tipo tosto. Voglio dire, in questo mondo si risolve ben poco con le parole. <STOP>E dev'essere anche sagace, in grado di guardare il mondo e decidere il meglio per l'avvenire. <STOP>Tu saresti perfetto! Che ne dici?"""
"","","1","1","0","EID_9999_NoSound","","","","","-1","0","0","0","","""... Eh? Credi che dovrei farlo <FONT=ITALIC>io</FONT>? <STOP>Oh, no! No, non... <STOP>Cioè, ti ringrazio, ma no. Non sono il tipo che si mette sotto i riflettori. <STOP>Preferisco starmene sullo sfondo e aiutare da lì. Sai, come un consigliere, un burattinaio, o come si chiama. <STOP>Ti dirò, credo che non me la caverei neanche tanto male."""
"1114","","1","1","0","EID_9999_NoSound","","","","","-1","0","0","0","","<NIER> e Weiss si allontanarono prima che l'abitante potesse dare loro una copia del suo volantino ""Dieci semplici modi per salvare il mondo""."
"","","1","1","0","EID_9999_NoSound","","","","","-1","0","0","0","","Mentre camminavano, Weiss diede voce ai suoi pensieri su quell'uomo."
"","","1","1","0","EID_9999_NoSound","","","","<CB=SNID_1580_a0010_03_End>","-1","0","0","0","","""Lui rappresenta il tipico generale poltrone."""
"1115","","0","1","0","EID_9999_NoSound","","","<CB=SET_ACTOR_PAUSE_ON,1362>","","-1","0","0","0","","<LIST=1116>Parla</LIST><LF><LIST=1117>Non parlare</LIST>"
"1116","","2","1","0","EID_9999_NoSound","","","<CB=SET_ACTOR_PAUSE_ON,1362>","<CB=SNID_1580_a0010_01_Select01>","-1","0","0","0","",""
"1117","","2","1","0","EID_9999_NoSound","","","","<CB=SNID_1580_a0010_01_Select02>","-1","0","0","0","",""
"1118","","0","1","0","EID_9999_NoSound","","","<CB=SET_ACTOR_PAUSE_ON,1363>","","-1","0","0","0","","<LIST=1119>Parla</LIST><LF><LIST=1120>Non parlare</LIST>"
"1119","","2","1","0","EID_9999_NoSound","","","<CB=SET_ACTOR_PAUSE_ON,1363>","<CB=SNID_1580_a0010_02_Select01>","-1","0","0","0","",""
"1120","","2","1","0","EID_9999_NoSound","","","","<CB=SNID_1580_a0010_02_Select02>","-1","0","0","0","",""
"1121","","0","1","0","EID_9999_NoSound","","","<CB=SET_ACTOR_PAUSE_ON,1364>","","-1","0","0","0","","<LIST=1122>Parla</LIST><LF><LIST=1123>Non parlare</LIST>"
"1122","","2","1","0","EID_9999_NoSound","","","<CB=SET_ACTOR_PAUSE_ON,1364>","<CB=SNID_1580_a0010_03_Select01>","-1","0","0","0","",""
"1123","","2","1","0","EID_9999_NoSound","","","","<CB=SNID_1580_a0010_03_Select02>","-1","0","0","0","",""
"1124","1109","1","1","0","NV_ID_0501_2","","","","","-1","0","0","0","",""
"1125","","0","1","0","EID_1500_a0200_0036_X","","","","","-1","0","-1","0","2","È stato facile prendere questo Verso sigillato."
"","","0","1","0","EID_1500_a0200_0037_X","","","","","-1","0","0","0","26","Già. Fin troppo facile, secondo me."
"","","0","1","0","EID_1500_a0200_0038_X","","","","","-1","0","0","0","26","È come se qualcuno ci stesse guidando verso questo villaggio..."
"","","0","1","0","EID_1500_a0200_0039_X","","","","","-1","0","-1","0","2","Non pensarci troppo, Weiss."
"1126","","0","1","0","RID_FRYTHA_10010","","","","","0","-1","1364","0","8","Per un attimo ho temuto il peggio. Grazie per l'aiuto!"
"","","0","1","0","RID_FRYTHA_10020","","","","<CB=EID_1500_a0020g_0020_End_Talk_NPC03>","0","-1","1364","0","8","Che strano sogno. Eppure mi sembrava così... familiare."
"1127","","0","1","0","RID_FRYTHA_10020","","","","","0","-1","1364","0","8","Che strano sogno. Eppure mi sembrava così... familiare."
"1128","","0","1","0","RID_FRWOMA_10010","","","","","0","-1","1363","0","108","Grazie mille per avermi salvato la vita!"
"","","0","1","0","RID_FRWOMA_10020","","","","<CB=EID_1500_a0020g_0020_End_Talk_NPC02>","0","-1","1363","0","108","Spero di non fare MAI PIÙ un sogno del genere..."
"1129","","0","1","0","RID_FRWOMA_10010","","","","","0","-1","1363","0","108","Grazie mille per avermi salvato la vita!"
""